playerID,year,overall_score_prev_1yr,overall_score_prev_2yr,overall_score_prev_3yr,allstar_mvp
abrossv01w,2,0.0,0.0,0.0,0
abrossv01w,3,27.171554213704383,0.0,0.0,0
abrossv01w,4,23.81026722925457,27.171554213704383,0.0,0
abrossv01w,5,23.403157894736836,23.81026722925457,27.171554213704383,0
abrossv01w,6,17.629725310660564,23.403157894736836,23.81026722925457,0
abrossv01w,7,20.67185600748013,17.629725310660564,23.403157894736836,0
abrossv01w,8,17.437295582133267,20.67185600748013,17.629725310660564,0
abrossv01w,9,23.738353730754046,17.437295582133267,20.67185600748013,0
adairje01w,11,0.0,0.0,0.0,0
adamsda01w,11,0.0,0.0,0.0,0
adamsjo01w,4,0.0,0.0,0.0,0
aguilel01w,3,0.0,0.0,0.0,0
ajavoma01w,9,0.0,0.0,0.0,0
ajavoma01w,10,15.912800331400165,0.0,0.0,0
ajavoma01w,11,15.809683794466402,15.912800331400165,0.0,0
aldrima01w,1,0.0,0.0,0.0,0
aldrima01w,2,8.588250319284803,0.0,0.0,0
alhalta01w,2,0.0,0.0,0.0,0
allench01w,9,0.0,0.0,0.0,0
amachma01w,2,0.0,0.0,0.0,0
amachma01w,4,0.0,0.0,0.0,0
amachma01w,6,6.685714285714285,0.0,0.0,0
ambermo01w,3,0.0,0.0,0.0,0
anderam01w,7,0.0,0.0,0.0,0
anderch01w,4,0.0,0.0,0.0,0
anderch01w,5,6.983566433566434,0.0,0.0,0
anderch01w,6,7.11625,6.983566433566434,0.0,0
anderch01w,7,12.648215465961666,7.11625,6.983566433566434,0
anderch01w,8,16.59394409937888,12.648215465961666,7.11625,0
anderjo01w,9,0.0,0.0,0.0,0
anderke01w,1,0.0,0.0,0.0,0
anderke01w,2,11.921372549019608,0.0,0.0,0
anderke01w,3,3.194444444444444,11.921372549019608,0.0,0
andrame01w,1,0.0,0.0,0.0,0
andrame01w,2,20.329727564102562,0.0,0.0,0
andrame01w,3,17.685562865497076,20.329727564102562,0.0,0
andrame01w,5,11.678688063063063,17.685562865497076,20.329727564102562,0
anosini01w,9,0.0,0.0,0.0,0
anosini01w,10,30.430530973451326,0.0,0.0,0
anosini01w,11,36.93566037735849,30.430530973451326,0.0,0
appelja01w,11,0.0,0.0,0.0,0
arcaija01w,1,0.0,0.0,0.0,0
arcaija01w,2,21.140611587982832,0.0,0.0,0
arcaija01w,3,32.86326129666012,21.140611587982832,0.0,0
arcaija01w,4,25.088410596026492,32.86326129666012,21.140611587982832,0
arcaija01w,6,24.622258533042846,25.088410596026492,32.86326129666012,0
askamma01w,1,0.0,0.0,0.0,0
askamma01w,2,21.776360645933018,0.0,0.0,0
askamma01w,3,12.190919540229885,21.776360645933018,0.0,0
atkinla01w,7,0.0,0.0,0.0,0
atkinla01w,8,11.010240334378267,0.0,0.0,0
atkinla01w,9,8.512993920972644,11.010240334378267,0.0,0
atkinla01w,10,12.110000000000001,8.512993920972644,11.010240334378267,0
atunrmo01w,9,0.0,0.0,0.0,0
augusse01w,7,0.0,0.0,0.0,0
augusse01w,8,31.905692599620494,0.0,0.0,0
augusse01w,9,35.950716375744115,31.905692599620494,0.0,0
augusse01w,10,32.939516129032256,35.950716375744115,31.905692599620494,0
augusse01w,11,36.61434108527132,32.939516129032256,35.950716375744115,0
aycocan01w,1,0.0,0.0,0.0,0
ayimmi01w,11,0.0,0.0,0.0,0
azizle01w,4,0.0,0.0,0.0,0
azzije01w,1,0.0,0.0,0.0,0
azzije01w,2,25.9325641025641,0.0,0.0,0
azzije01w,3,22.76671195652174,25.9325641025641,0.0,0
azzije01w,4,23.370959595959594,22.76671195652174,25.9325641025641,0
badertr01w,1,0.0,0.0,0.0,0
badertr01w,2,7.889666666666668,0.0,0.0,0
badertr01w,3,6.678947368421053,7.889666666666668,0.0,0
bakersh01w,7,0.0,0.0,0.0,0
bakersh01w,8,16.002777126786967,0.0,0.0,0
bakersh01w,9,17.776441389843452,16.002777126786967,0.0,0
bakersh01w,10,11.312474012474013,17.776441389843452,16.002777126786967,0
balesal01w,8,0.0,0.0,0.0,0
balesal01w,9,13.714285714285714,0.0,0.0,0
balesal01w,11,17.138709677419357,13.714285714285714,0.0,0
banchrh01w,1,0.0,0.0,0.0,0
baranel01w,2,0.0,0.0,0.0,0
baranel01w,4,28.982102272727275,0.0,0.0,0
baranel01w,5,24.199787760877253,28.982102272727275,0.0,0
baranel01w,6,29.831979458450046,24.199787760877253,28.982102272727275,0
barksla01w,2,0.0,0.0,0.0,0
barksla01w,3,4.84,0.0,0.0,0
barksla01w,4,12.85847408270239,4.84,0.0,0
barnead01w,1,0.0,0.0,0.0,0
barnead01w,2,8.48,0.0,0.0,0
barnead01w,3,11.066666666666666,8.48,0.0,0
barnead01w,4,15.579487179487177,11.066666666666666,8.48,0
barnead01w,5,17.02827380952381,15.579487179487177,11.066666666666666,0
barnequ01w,1,0.0,0.0,0.0,0
barnequ01w,2,15.736468271997577,0.0,0.0,0
barnequ01w,3,10.513305084745763,15.736468271997577,0.0,0
batkosu01w,6,0.0,0.0,0.0,0
batkosu01w,10,17.671264367816093,0.0,0.0,0
batteja01w,6,0.0,0.0,0.0,0
batteja01w,7,0.8125,0.0,0.0,0
battlas01w,6,0.0,0.0,0.0,0
battlas01w,7,6.2,0.0,0.0,0
battlas01w,8,12.432817537072857,6.2,0.0,0
battlas01w,9,18.35930568948891,12.432817537072857,6.2,0
battlas01w,10,9.999039615846337,18.35930568948891,12.432817537072857,0
bauerca01w,1,0.0,0.0,0.0,0
bauerca01w,2,8.793295019157089,0.0,0.0,0
bauerca01w,3,5.414509803921569,8.793295019157089,0.0,0
beardal01w,5,0.0,0.0,0.0,0
beardal01w,6,29.74597523219814,0.0,0.0,0
beardal01w,7,28.465686274509807,29.74597523219814,0.0,0
beardal01w,8,35.784195095948824,28.465686274509807,29.74597523219814,0
beardal01w,9,34.134632034632034,35.784195095948824,28.465686274509807,0
beardal01w,10,29.402723436900654,34.134632034632034,35.784195095948824,0
beckki01w,9,0.0,0.0,0.0,0
bennije01w,6,0.0,0.0,0.0,0
berezva01w,9,0.0,0.0,0.0,0
berthlu01w,3,0.0,0.0,0.0,0
berthlu01w,4,6.845714285714285,0.0,0.0,0
berthlu01w,5,11.43776223776224,6.845714285714285,0.0,0
beviltu01w,1,0.0,0.0,0.0,0
beviltu01w,2,16.180803571428573,0.0,0.0,0
beviltu01w,3,19.345052859853617,16.180803571428573,0.0,0
beviltu01w,4,11.787249544626594,19.345052859853617,16.180803571428573,0
beviltu01w,5,7.888172043010752,11.787249544626594,19.345052859853617,0
beviltu01w,6,10.461764705882352,7.888172043010752,11.787249544626594,0
beviltu01w,7,18.972759856630823,10.461764705882352,7.888172043010752,0
beviltu01w,8,20.016931637519875,18.972759856630823,10.461764705882352,0
beviltu01w,9,18.341176470588238,20.016931637519875,18.972759856630823,0
beviltu01w,10,19.68729957805907,18.341176470588238,20.016931637519875,0
beviltu01w,11,20.089259018524537,19.68729957805907,18.341176470588238,0
bibbyje01w,1,0.0,0.0,0.0,0
bibrzag01w,5,0.0,0.0,0.0,0
bibrzag01w,7,14.709050772626933,0.0,0.0,0
birdsu01w,3,0.0,0.0,0.0,0
birdsu01w,4,29.029791666666668,0.0,0.0,0
birdsu01w,5,28.12666240409207,29.029791666666668,0.0,0
birdsu01w,6,29.078960664020208,28.12666240409207,29.029791666666668,0
birdsu01w,7,25.735102040816322,29.078960664020208,28.12666240409207,0
birdsu01w,8,26.802349408231763,25.735102040816322,29.078960664020208,0
birdsu01w,9,24.858120939530238,26.802349408231763,25.735102040816322,0
birdsu01w,10,27.631468531468535,24.858120939530238,26.802349408231763,0
birdsu01w,11,28.08810644305639,27.631468531468535,24.858120939530238,0
bjorkan01w,11,0.0,0.0,0.0,0
bjorkte01w,5,0.0,0.0,0.0,0
blackch01w,10,0.0,0.0,0.0,0
blackde01w,1,0.0,0.0,0.0,0
blackde01w,2,18.96875,0.0,0.0,0
blackde01w,3,24.48394050802139,18.96875,0.0,0
blackde01w,4,23.659375,24.48394050802139,18.96875,0
blackde01w,5,9.8,23.659375,24.48394050802139,0
blodgci01w,1,0.0,0.0,0.0,0
blodgci01w,2,7.365,0.0,0.0,0
blueni01w,7,0.0,0.0,0.0,0
blueni01w,8,8.842592592592592,0.0,0.0,0
blueni01w,9,11.794074074074075,8.842592592592592,0.0,0
blueni01w,10,12.262217194570134,11.794074074074075,8.842592592592592,0
blueoc01w,4,0.0,0.0,0.0,0
blueoc01w,5,2.8375,0.0,0.0,0
bobbish01w,9,0.0,0.0,0.0,0
bobbish01w,10,13.094367050272565,0.0,0.0,0
bobbish01w,11,8.228520499108734,13.094367050272565,0.0,0
boddiwh01w,10,0.0,0.0,0.0,0
boltoru01w,1,0.0,0.0,0.0,0
boltoru01w,2,24.534820089955026,0.0,0.0,0
boltoru01w,3,17.060274790919955,24.534820089955026,0.0,0
boltoru01w,4,22.277571202531643,17.060274790919955,24.534820089955026,0
boltoru01w,5,13.17012987012987,22.277571202531643,17.060274790919955,0
bondla01w,7,0.0,0.0,0.0,0
bondla01w,9,13.466753536857782,0.0,0.0,0
bonfisu01w,3,0.0,0.0,0.0,0
bonnede01w,10,0.0,0.0,0.0,0
bonnede01w,11,24.765404147270417,0.0,0.0,0
bowenli01w,8,0.0,0.0,0.0,0
boydca01w,2,0.0,0.0,0.0,0
braxtka01w,6,0.0,0.0,0.0,0
braxtka01w,7,15.043290043290046,0.0,0.0,0
braxtka01w,8,12.126532291238174,15.043290043290046,0.0,0
braxtka01w,9,16.732601235415235,12.126532291238174,15.043290043290046,0
braxtka01w,10,19.877589852008455,16.732601235415235,12.126532291238174,0
braxtka01w,11,23.305774697938876,19.877589852008455,16.732601235415235,0
braxtka01w,11,0.0,23.305774697938876,19.877589852008455,0
brazian01w,1,0.0,0.0,0.0,0
brazian01w,2,7.527551020408163,0.0,0.0,0
brelaje01w,11,0.0,0.0,0.0,0
brelaje01w,11,0.0,0.0,0.0,0
bristre01w,2,0.0,0.0,0.0,0
brogami01w,1,0.0,0.0,0.0,0
brondsa01w,2,0.0,0.0,0.0,0
brondsa01w,3,22.800320769847634,0.0,0.0,0
brondsa01w,4,16.553283208020055,22.800320769847634,0.0,0
brownco01w,4,0.0,0.0,0.0,0
brownco01w,5,13.07617886178862,0.0,0.0,0
brownco01w,6,9.86054131054131,13.07617886178862,0.0,0
brownco01w,7,5.65,9.86054131054131,13.07617886178862,0
browned01w,1,0.0,0.0,0.0,0
browned01w,2,14.433928571428572,0.0,0.0,0
browned01w,3,18.21691810344828,14.433928571428572,0.0,0
browned01w,4,12.903871319520173,18.21691810344828,14.433928571428572,0
browned01w,7,11.703250773993807,12.903871319520173,18.21691810344828,0
brownki01w,3,0.0,0.0,0.0,0
brownki01w,4,6.561904761904763,0.0,0.0,0
brownki01w,5,8.42222222222222,6.561904761904763,0.0,0
brownki01w,6,11.823426573426572,8.42222222222222,6.561904761904763,0
brownki01w,7,6.2,11.823426573426572,8.42222222222222,0
brownki01w,8,5.69375,6.2,11.823426573426572,0
brownki01w,9,12.556296296296296,5.69375,6.2,0
brownki01w,10,13.149143835616439,12.556296296296296,5.69375,0
brownru01w,1,0.0,0.0,0.0,0
brownru01w,2,21.29992869875223,0.0,0.0,0
brownru01w,3,23.20948717948718,21.29992869875223,0.0,0
brownru01w,4,12.69642857142857,23.20948717948718,21.29992869875223,0
brumfma01w,1,0.0,0.0,0.0,0
brumfma01w,2,12.434715346534654,0.0,0.0,0
brumfma01w,4,7.796296296296296,12.434715346534654,0.0,0
brungje01w,5,0.0,0.0,0.0,0
brungje01w,6,7.017514124293784,0.0,0.0,0
brungje01w,7,1.7944444444444445,7.017514124293784,0.0,0
brunsre01w,5,0.0,0.0,0.0,0
brunsre01w,6,14.88781512605042,0.0,0.0,0
brunsre01w,7,20.2506456241033,14.88781512605042,0.0,0
brunsre01w,8,19.30490196078431,20.2506456241033,14.88781512605042,0
brunsre01w,9,30.367907260524706,19.30490196078431,20.2506456241033,0
brunsre01w,10,26.603333333333335,30.367907260524706,19.30490196078431,0
brunsre01w,11,28.362745098039213,26.603333333333335,30.367907260524706,0
bullevi01w,1,0.0,0.0,0.0,0
bullevi01w,2,29.695195578231292,0.0,0.0,0
bullevi01w,3,28.469208916083918,29.695195578231292,0.0,0
burgean01w,2,0.0,0.0,0.0,0
burgean01w,3,13.307526881720428,0.0,0.0,0
burgean01w,4,17.972924600152325,13.307526881720428,0.0,0
burgeli01w,1,0.0,0.0,0.0,0
burraal01w,1,0.0,0.0,0.0,0
burraal01w,2,15.766797728265619,0.0,0.0,0
burraal01w,3,11.178127896200184,15.766797728265619,0.0,0
burraal01w,4,19.13094758064516,11.178127896200184,15.766797728265619,0
burseja01w,2,0.0,0.0,0.0,0
burseja01w,3,8.378333333333334,0.0,0.0,0
burseja01w,4,9.428488146132919,8.378333333333334,0.0,0
burseja01w,5,17.837708565072305,9.428488146132919,8.378333333333334,0
burseja01w,6,16.137438423645317,17.837708565072305,9.428488146132919,0
burseja01w,7,22.70574921326555,16.137438423645317,17.837708565072305,0
burseja01w,8,25.024233283056812,22.70574921326555,16.137438423645317,0
burseja01w,10,20.06355386899851,25.024233283056812,22.70574921326555,0
buttsta01w,5,0.0,0.0,0.0,0
byearla01w,1,0.0,0.0,0.0,0
byearla01w,2,17.397880244755243,0.0,0.0,0
byearla01w,3,25.896224547511313,17.397880244755243,0.0,0
byearla01w,4,21.398092557848656,25.896224547511313,17.397880244755243,0
byearla01w,7,15.24,21.398092557848656,25.896224547511313,0
byearla01w,8,12.232135154565059,15.24,21.398092557848656,0
byearla01w,9,14.90909090909091,12.232135154565059,15.24,0
camba01w,11,0.0,0.0,0.0,0
campbed01w,1,0.0,0.0,0.0,0
campbed01w,2,22.863226744186047,0.0,0.0,0
campbed01w,3,16.895491803278688,22.863226744186047,0.0,0
campbed01w,4,12.2,16.895491803278688,22.863226744186047,0
campbed01w,5,15.854628736740597,12.2,16.895491803278688,0
campbed01w,6,8.806698564593301,15.854628736740597,12.2,0
campbmi01w,1,0.0,0.0,0.0,0
cantydo01w,1,0.0,0.0,0.0,0
cantydo01w,2,22.624384236453203,0.0,0.0,0
cantydo01w,3,15.708193005181348,22.624384236453203,0.0,0
cantydo01w,4,15.030194805194805,15.708193005181348,22.624384236453203,0
cantydo01w,5,14.605603448275861,15.030194805194805,15.708193005181348,0
cantydo01w,6,16.13125,14.605603448275861,15.030194805194805,0
cantydo01w,7,19.388566335625157,16.13125,14.605603448275861,0
cantydo01w,8,23.369523809523805,19.388566335625157,16.13125,0
cantydo01w,9,20.419958506224066,23.369523809523805,19.388566335625157,0
cantydo01w,10,20.5765873015873,20.419958506224066,23.369523809523805,0
cantydo01w,11,17.14090357792601,20.5765873015873,20.419958506224066,0
careyja01w,6,0.0,0.0,0.0,0
careyja01w,7,5.9308771929824555,0.0,0.0,0
careyja01w,8,8.676436781609194,5.9308771929824555,0.0,0
careyja01w,9,8.905790579057903,8.676436781609194,5.9308771929824555,0
carsoes01w,9,0.0,0.0,0.0,0
carsoes01w,10,15.599219687875149,0.0,0.0,0
carsoes01w,11,19.328055708264618,15.599219687875149,0.0,0
carteam01w,5,0.0,0.0,0.0,0
carteam01w,6,0.0,0.0,0.0,0
cashsw01w,3,0.0,0.0,0.0,0
cashsw01w,4,30.40432011331445,0.0,0.0,0
cashsw01w,5,32.32579281183932,30.40432011331445,0.0,0
cashsw01w,6,36.128125,32.32579281183932,30.40432011331445,0
cashsw01w,7,15.385714285714286,36.128125,32.32579281183932,0
cashsw01w,8,22.20959752321982,15.385714285714286,36.128125,0
cashsw01w,9,23.791331301880845,22.20959752321982,15.385714285714286,0
cashsw01w,10,24.129494660354503,23.791331301880845,22.20959752321982,1
cashsw01w,11,25.90924295774648,24.129494660354503,23.791331301880845,0
cassija01w,1,0.0,0.0,0.0,0
castriz01w,3,0.0,0.0,0.0,0
castriz01w,4,7.643859649122806,0.0,0.0,0
castriz01w,6,9.57737676056338,7.643859649122806,0.0,0
castriz01w,7,16.05206611570248,9.57737676056338,7.643859649122806,0
castriz01w,8,15.805427531837477,16.05206611570248,9.57737676056338,0
castriz01w,9,23.6611604762751,15.805427531837477,16.05206611570248,0
castriz01w,10,17.460446247464503,23.6611604762751,15.805427531837477,0
castriz01w,11,22.502478519497686,17.460446247464503,23.6611604762751,0
catchta01w,3,0.0,0.0,0.0,0
catchta01w,4,45.01009396355353,0.0,0.0,0
catchta01w,5,41.0928768382353,45.01009396355353,0.0,0
catchta01w,6,38.0314479638009,41.0928768382353,45.01009396355353,0
catchta01w,7,37.72044476327115,38.0314479638009,41.0928768382353,0
catchta01w,8,40.99222675879397,37.72044476327115,38.0314479638009,0
catchta01w,9,44.160360360360364,40.99222675879397,37.72044476327115,0
catchta01w,10,31.590728682170543,44.160360360360364,40.99222675879397,0
catchta01w,11,36.901611504552676,31.590728682170543,44.160360360360364,0
caufila01w,3,0.0,0.0,0.0,0
chambco01w,8,0.0,0.0,0.0,0
chanequ01w,9,0.0,0.0,0.0,0
chapmji01w,3,0.0,0.0,0.0,0
charlti01w,11,0.0,0.0,0.0,0
cheekjo01w,11,0.0,0.0,0.0,0
chestfe01w,11,0.0,0.0,0.0,0
choneka01w,5,0.0,0.0,0.0,0
choneka01w,6,7.412535612535612,0.0,0.0,0
choneka01w,7,5.760714285714286,7.412535612535612,0.0,0
chriska01w,3,0.0,0.0,0.0,0
chriska01w,4,14.135964912280702,0.0,0.0,0
chriska01w,5,18.518053830227743,14.135964912280702,0.0,0
chriska01w,6,9.886926020408163,18.518053830227743,14.135964912280702,0
chriska01w,7,10.657575757575756,9.886926020408163,18.518053830227743,0
chriska01w,8,6.949732620320855,10.657575757575756,9.886926020408163,0
chriska02w,11,0.0,0.0,0.0,0
chriska02w,11,0.0,0.0,0.0,0
chrissh01w,5,0.0,0.0,0.0,0
chrissh01w,6,12.275276575276575,0.0,0.0,0
chrissh01w,7,19.402287581699344,12.275276575276575,0.0,0
chrissh01w,8,21.937457741717374,19.402287581699344,12.275276575276575,0
chrissh01w,9,22.62180339985218,21.937457741717374,19.402287581699344,0
chrissh01w,10,26.370800167574362,22.62180339985218,21.937457741717374,0
cironkr01w,10,0.0,0.0,0.0,0
clearmi01w,1,0.0,0.0,0.0,0
clearmi01w,2,15.39861111111111,0.0,0.0,0
clinest01w,1,0.0,0.0,0.0,0
clinest01w,2,9.797233468286098,0.0,0.0,0
clinest01w,3,4.457142857142857,9.797233468286098,0.0,0
coggicl01w,8,0.0,0.0,0.0,0
cokermo01w,5,0.0,0.0,0.0,0
colemco01w,4,0.0,0.0,0.0,0
colemma01w,10,0.0,0.0,0.0,0
colemma01w,11,14.296226415094338,0.0,0.0,0
colleka01w,1,0.0,0.0,0.0,0
colleka01w,2,15.377858361774745,0.0,0.0,0
colsosy01w,11,0.0,0.0,0.0,0
consuca01w,2,0.0,0.0,0.0,0
coopeca01w,2,0.0,0.0,0.0,0
coopeca01w,3,16.34166666666667,0.0,0.0,0
coopecy01w,1,0.0,0.0,0.0,0
coopecy01w,4,30.946675444371298,0.0,0.0,0
crawlsy01w,1,0.0,0.0,0.0,0
crawlsy01w,2,23.798657718120797,0.0,0.0,0
crawlsy01w,3,23.57563202247191,23.798657718120797,0.0,0
crawlsy01w,4,20.085959507042254,23.57563202247191,23.798657718120797,0
crockda01w,3,0.0,0.0,0.0,0
crockwi01w,9,0.0,0.0,0.0,0
cronika01w,7,0.0,0.0,0.0,0
cunnibe01w,1,0.0,0.0,0.0,0
cunnida01w,3,0.0,0.0,0.0,0
currimo01w,7,0.0,0.0,0.0,0
currimo01w,8,21.376493039964075,0.0,0.0,0
currimo01w,9,22.113491764114173,21.376493039964075,0.0,0
currimo01w,10,22.864758247512654,22.113491764114173,21.376493039964075,0
currimo01w,11,19.64447004608295,22.864758247512654,22.113491764114173,0
curryed01w,4,0.0,0.0,0.0,0
curryed01w,6,7.6742857142857135,0.0,0.0,0
dalesst01w,3,0.0,0.0,0.0,0
dalesst01w,4,18.437026647966338,0.0,0.0,0
dalesst01w,5,21.71748914330833,18.437026647966338,0.0,0
dalesst01w,7,18.00288624787776,21.71748914330833,18.437026647966338,0
dalesst01w,8,13.033067139899439,18.00288624787776,21.71748914330833,0
daleygr01w,1,0.0,0.0,0.0,0
daleygr01w,2,13.240884353741494,0.0,0.0,0
daleygr01w,3,8.868571428571428,13.240884353741494,0.0,0
daleygr01w,4,8.3069330199765,8.868571428571428,13.240884353741494,0
darlihe01w,1,0.0,0.0,0.0,0
darlihe01w,2,12.980208333333334,0.0,0.0,0
darlihe01w,4,16.70109186746988,12.980208333333334,0.0,0
darlihe01w,5,15.382805429864252,16.70109186746988,12.980208333333334,0
darlihe01w,6,13.698601398601397,15.382805429864252,16.70109186746988,0
darlihe01w,7,13.032697947214075,13.698601398601397,15.382805429864252,0
darlihe01w,8,14.619790104947526,13.032697947214075,13.698601398601397,0
darlihe01w,9,16.02424242424242,14.619790104947526,13.032697947214075,0
darlihe01w,10,12.089378442171519,16.02424242424242,14.619790104947526,0
davenje01w,8,0.0,0.0,0.0,0
davenje01w,9,13.122251714222518,0.0,0.0,0
davenje01w,10,12.960048426150122,13.122251714222518,0.0,0
davenje01w,11,10.30976430976431,12.960048426150122,13.122251714222518,0
davisbr01w,7,0.0,0.0,0.0,0
davisde01w,8,0.0,0.0,0.0,0
davista02w,10,0.0,0.0,0.0,0
deforan01w,1,0.0,0.0,0.0,0
deforan01w,4,14.969841269841268,0.0,0.0,0
deforan01w,5,25.0,14.969841269841268,0.0,0
deforan01w,6,28.551960784313724,25.0,14.969841269841268,0
deforan01w,7,24.046553446553446,28.551960784313724,25.0,0
deforan01w,8,23.40618304829919,24.046553446553446,28.551960784313724,0
deforan01w,9,18.920280948200173,23.40618304829919,24.046553446553446,0
deforan01w,10,19.473203820273493,18.920280948200173,23.40618304829919,0
derevje01w,5,0.0,0.0,0.0,0
derevje01w,6,5.074916387959866,0.0,0.0,0
derevje01w,7,6.724598930481283,5.074916387959866,0.0,0
derevje01w,8,14.7247311827957,6.724598930481283,5.074916387959866,0
derevje01w,9,8.142028985507247,14.7247311827957,6.724598930481283,0
desouer01w,3,0.0,0.0,0.0,0
desouer01w,8,6.18961038961039,0.0,0.0,0
desouer01w,9,14.163983050847456,6.18961038961039,0.0,0
desouer01w,10,28.50365853658537,14.163983050847456,6.18961038961039,0
desouer01w,11,30.979503105590062,28.50365853658537,14.163983050847456,0
dickeke01w,1,0.0,0.0,0.0,0
dickeke01w,2,15.512191901408451,0.0,0.0,0
dillata01w,4,0.0,0.0,0.0,0
dillata01w,5,5.899038461538461,0.0,0.0,0
dillata01w,6,5.932528180354267,5.899038461538461,0.0,0
dixonta01w,1,0.0,0.0,0.0,0
dixonta01w,2,24.794146990355834,0.0,0.0,0
dixonta01w,3,23.341692789968647,24.794146990355834,0.0,0
dixonta01w,4,21.83625,23.341692789968647,24.794146990355834,0
dixonta01w,5,27.158131868131868,21.83625,23.341692789968647,0
dixonta01w,6,22.517541821561338,27.158131868131868,21.83625,0
dixonta01w,7,15.82090909090909,22.517541821561338,27.158131868131868,0
dixonta01w,8,14.556826849733032,15.82090909090909,22.517541821561338,0
dixonta01w,9,25.384688346883472,14.556826849733032,15.82090909090909,0
dixonta01w,10,18.95214932126697,25.384688346883472,14.556826849733032,0
donapbe01w,4,0.0,0.0,0.0,0
donapbe01w,5,0.0,0.0,0.0,0
doronsh01w,8,0.0,0.0,0.0,0
dossaci01w,1,0.0,0.0,0.0,0
dossaci01w,2,19.852984234234235,0.0,0.0,0
dossaci01w,3,7.104210526315789,19.852984234234235,0.0,0
douglka01w,2,0.0,0.0,0.0,0
douglka01w,3,17.739748549323018,0.0,0.0,0
douglka01w,4,23.28467987804878,17.739748549323018,0.0,0
douglka01w,5,26.02956204379562,23.28467987804878,17.739748549323018,0
douglka01w,6,25.347022173355327,26.02956204379562,23.28467987804878,0
douglka01w,7,25.756944444444443,25.347022173355327,26.02956204379562,1
douglka01w,8,30.57756806930693,25.756944444444443,25.347022173355327,0
douglka01w,9,33.073918327661644,30.57756806930693,25.756944444444443,0
douglka01w,10,28.499669180891896,33.073918327661644,30.57756806930693,0
douglka01w,11,31.531344437416543,28.499669180891896,33.073918327661644,0
duffyme01w,7,0.0,0.0,0.0,0
duffyme01w,8,9.161150070126228,0.0,0.0,0
duffyme01w,9,4.81111111111111,9.161150070126228,0.0,0
dunlavi01w,11,0.0,0.0,0.0,0
dupreca01w,7,0.0,0.0,0.0,0
dupreca01w,8,29.322965746495157,0.0,0.0,0
dupreca01w,9,32.48284115035707,29.322965746495157,0.0,0
dupreca01w,10,33.924369747899156,32.48284115035707,29.322965746495157,0
dupreca01w,11,33.49453781512605,33.924369747899156,32.48284115035707,0
dydekma01w,1,0.0,0.0,0.0,0
dydekma01w,2,25.152277542372882,0.0,0.0,0
dydekma01w,3,31.19862542955326,25.152277542372882,0.0,0
dydekma01w,4,34.75403343782654,31.19862542955326,25.152277542372882,0
dydekma01w,5,30.720435226113565,34.75403343782654,31.19862542955326,0
dydekma01w,6,20.344570135746604,30.720435226113565,34.75403343782654,0
dydekma01w,7,24.338112305854242,20.344570135746604,30.720435226113565,0
dydekma01w,8,27.299534991862355,24.338112305854242,20.344570135746604,0
dydekma01w,9,22.906935160427807,27.299534991862355,24.338112305854242,0
edwarmi01w,1,0.0,0.0,0.0,0
edwarmi01w,2,12.799119067917022,0.0,0.0,0
edwarsi01w,1,0.0,0.0,0.0,0
edwarsi01w,2,16.815611974232663,0.0,0.0,0
edwarsi01w,3,20.489473684210527,16.815611974232663,0.0,0
edwarsi01w,4,18.432080696202533,20.489473684210527,16.815611974232663,0
edwarsi01w,5,14.158121158911324,18.432080696202533,20.489473684210527,0
edwarsi01w,6,9.14505928853755,14.158121158911324,18.432080696202533,0
edwarte01w,4,0.0,0.0,0.0,0
edwarte01w,5,18.161764705882355,0.0,0.0,0
edwarto01w,1,0.0,0.0,0.0,0
edwarto01w,2,19.889639261744968,0.0,0.0,0
edwarto01w,3,12.490021929824561,19.889639261744968,0.0,0
elysh01w,6,0.0,0.0,0.0,0
elysh01w,7,10.784652981427175,0.0,0.0,0
elysh01w,8,8.827272727272726,10.784652981427175,0.0,0
elysh01w,9,7.236151279199109,8.827272727272726,10.784652981427175,0
elysh01w,10,10.93989769820972,7.236151279199109,8.827272727272726,0
elysh01w,11,14.402633889376647,10.93989769820972,7.236151279199109,0
enissh01w,1,0.0,0.0,0.0,0
enissh01w,2,21.27564102564103,0.0,0.0,0
enissh01w,3,14.03971518987342,21.27564102564103,0.0,0
enissh01w,4,12.602777777777778,14.03971518987342,21.27564102564103,0
erbsu01w,1,0.0,0.0,0.0,0
erbsu01w,2,10.749078885214926,0.0,0.0,0
erbsu01w,3,9.563492063492063,10.749078885214926,0.0,0
ervinla01w,10,0.0,0.0,0.0,0
fallotr01w,2,0.0,0.0,0.0,0
farriba01w,1,0.0,0.0,0.0,0
farriba01w,2,10.600000000000001,0.0,0.0,0
farriba01w,3,12.913232389730084,10.600000000000001,0.0,0
farriba01w,4,12.24428418803419,12.913232389730084,10.600000000000001,0
farriba01w,5,10.69343434343434,12.24428418803419,12.913232389730084,0
farriba01w,6,11.959615384615384,10.69343434343434,12.24428418803419,0
farriba01w,7,7.904069298952457,11.959615384615384,10.69343434343434,0
farriba01w,8,18.83099547511312,7.904069298952457,11.959615384615384,0
farriba01w,9,7.237561576354679,18.83099547511312,7.904069298952457,0
farriba01w,10,13.084123972169511,7.237561576354679,18.83099547511312,0
feastal01w,1,0.0,0.0,0.0,0
feastal01w,2,14.733439371257486,0.0,0.0,0
feastal01w,3,22.70625,14.733439371257486,0.0,0
feastal01w,4,24.97273116438356,22.70625,14.733439371257486,0
feastal01w,5,24.259554933084342,24.97273116438356,22.70625,0
feastal01w,6,20.212267250821466,24.259554933084342,24.97273116438356,0
feastal01w,7,17.236860670194,20.212267250821466,24.259554933084342,0
feastal01w,9,6.267554012345679,17.236860670194,20.212267250821466,0
feifesu01w,6,0.0,0.0,0.0,0
ferdima01w,2,0.0,0.0,0.0,0
ferdima01w,3,23.35915948275862,0.0,0.0,0
ferdima01w,4,27.959560309973046,23.35915948275862,0.0,0
ferdima01w,5,26.366850490196075,27.959560309973046,23.35915948275862,0
ferdima01w,6,23.976978939724034,26.366850490196075,27.959560309973046,0
ferdima01w,8,24.24198954766625,23.976978939724034,26.366850490196075,0
ferdima01w,9,12.18235294117647,24.24198954766625,23.976978939724034,0
ferdima01w,10,17.138580931263856,12.18235294117647,24.24198954766625,0
ferdima01w,11,12.910582010582011,17.138580931263856,12.18235294117647,0
fernama01w,8,0.0,0.0,0.0,0
ferrama01w,1,0.0,0.0,0.0,0
figgsuk01w,1,0.0,0.0,0.0,0
figgsuk01w,2,18.516850490196077,0.0,0.0,0
figgsuk01w,3,22.777060055865924,18.516850490196077,0.0,0
figgsuk01w,4,19.917070469334067,22.777060055865924,18.516850490196077,0
firsool01w,1,0.0,0.0,0.0,0
floremi01w,1,0.0,0.0,0.0,0
flukety01w,7,0.0,0.0,0.0,0
flukety01w,8,8.554657484595868,0.0,0.0,0
flukety01w,9,6.800529100529101,8.554657484595868,0.0,0
folklkr01w,1,0.0,0.0,0.0,0
folklkr01w,2,21.386992801047118,0.0,0.0,0
folklkr01w,3,22.761483433734938,21.386992801047118,0.0,0
fordch01w,4,0.0,0.0,0.0,0
fordch01w,5,29.28136574074074,0.0,0.0,0
fordch01w,6,29.963111161065527,29.28136574074074,0.0,0
fordch01w,7,28.282893450635388,29.963111161065527,29.28136574074074,0
fordch01w,8,36.049751984126985,28.282893450635388,29.963111161065527,1
fordch01w,9,35.07170163170163,36.049751984126985,28.282893450635388,0
fordch01w,10,28.54414414414414,35.07170163170163,36.049751984126985,0
fordki01w,1,0.0,0.0,0.0,0
fordki01w,2,12.123412698412698,0.0,0.0,0
fordst01w,2,0.0,0.0,0.0,0
fordst01w,3,13.2,0.0,0.0,0
fowlesy01w,9,0.0,0.0,0.0,0
fowlesy01w,10,28.245098039215687,0.0,0.0,0
fowlesy01w,11,27.03420542635659,28.245098039215687,0.0,0
francde01w,1,0.0,0.0,0.0,0
frankaq01w,9,0.0,0.0,0.0,0
frankaq01w,10,8.405462184873949,0.0,0.0,0
frazeme01w,10,0.0,0.0,0.0,0
fresest01w,1,0.0,0.0,0.0,0
frettla01w,1,0.0,0.0,0.0,0
frettla01w,2,6.137098039215687,0.0,0.0,0
frettla01w,3,10.522222222222224,6.137098039215687,0.0,0
frettla01w,4,14.945103609625669,10.522222222222224,6.137098039215687,0
frettla01w,5,6.683687943262411,14.945103609625669,10.522222222222224,0
frettla01w,6,12.48822605965463,6.683687943262411,14.945103609625669,0
friertr01w,5,0.0,0.0,0.0,0
frohlli01w,3,0.0,0.0,0.0,0
frohlli01w,4,2.31875,0.0,0.0,0
frohlli01w,7,10.255555555555556,2.31875,0.0,0
frohlli01w,8,9.348529411764705,10.255555555555556,2.31875,0
futreca01w,5,0.0,0.0,0.0,0
gaithka01w,1,0.0,0.0,0.0,0
gaithka01w,3,7.033333333333333,0.0,0.0,0
garcibe01w,3,0.0,0.0,0.0,0
gardike01w,9,0.0,0.0,0.0,0
gardike01w,10,13.613246351172048,0.0,0.0,0
gardike01w,11,17.499313893653515,13.613246351172048,0.0,0
gardnan01w,3,0.0,0.0,0.0,0
gardnan01w,9,7.896802721088434,0.0,0.0,0
garnean01w,1,0.0,0.0,0.0,0
gaydeco01w,1,0.0,0.0,0.0,0
gearlka01w,8,0.0,0.0,0.0,0
gearlka01w,9,11.120255183413079,0.0,0.0,0
gearlka01w,10,11.50770662695458,11.120255183413079,0.0,0
gibsoke01w,1,0.0,0.0,0.0,0
gibsoke01w,2,5.825386996904024,0.0,0.0,0
gibsoke01w,3,6.0057017543859645,5.825386996904024,0.0,0
gibsoke01w,4,7.300940438871473,6.0057017543859645,5.825386996904024,0
gilloje01w,1,0.0,0.0,0.0,0
gilloje01w,2,23.922067510548523,0.0,0.0,0
gilloje01w,3,22.628477112676055,23.922067510548523,0.0,0
gilloje01w,4,25.914516129032258,22.628477112676055,23.922067510548523,0
gilmous01w,1,0.0,0.0,0.0,0
gisseka01w,9,0.0,0.0,0.0,0
givench01w,9,0.0,0.0,0.0,0
gomisem01w,7,0.0,0.0,0.0,0
goodsad01w,1,0.0,0.0,0.0,0
goodsad01w,2,31.460697964270878,0.0,0.0,0
goodsad01w,3,23.733161665920285,31.460697964270878,0.0,0
goodsad01w,4,28.37636485680191,23.733161665920285,31.460697964270878,0
goodsad01w,5,22.54048892284186,28.37636485680191,23.733161665920285,0
goodsad01w,6,25.008907032844682,22.54048892284186,28.37636485680191,0
goringi01w,8,0.0,0.0,0.0,0
gortmsh01w,3,0.0,0.0,0.0,0
gortmsh01w,4,10.391006043370068,0.0,0.0,0
gortmsh01w,5,8.461714285714287,10.391006043370068,0.0,0
gortmsh01w,7,0.0,8.461714285714287,10.391006043370068,0
granter01w,8,0.0,0.0,0.0,0
graylal01w,11,0.0,0.0,0.0,0
grecomi01w,5,0.0,0.0,0.0,0
greenci01w,7,0.0,0.0,0.0,0
greenka01w,11,0.0,0.0,0.0,0
grginve01w,1,0.0,0.0,0.0,0
grginve01w,2,7.053046594982078,0.0,0.0,0
grginve01w,3,9.099358974358974,7.053046594982078,0.0,0
griffke01w,11,0.0,0.0,0.0,0
griffyo01w,1,0.0,0.0,0.0,0
griffyo01w,2,42.774385387811634,0.0,0.0,0
griffyo01w,3,40.85489130434783,42.774385387811634,0.0,0
griffyo01w,4,33.31906013802168,40.85489130434783,42.774385387811634,0
griffyo01w,5,32.3376328844791,33.31906013802168,40.85489130434783,0
griffyo01w,6,35.81414524754183,32.3376328844791,33.31906013802168,0
griffyo01w,7,30.334173669467788,35.81414524754183,32.3376328844791,0
griffyo01w,8,27.685143545472798,30.334173669467788,35.81414524754183,0
griffyo01w,9,21.551599178403755,27.685143545472798,30.334173669467788,0
griffyo01w,10,23.69735632183908,21.551599178403755,27.685143545472798,0
groomla01w,1,0.0,0.0,0.0,0
groomla01w,2,10.775151515151515,0.0,0.0,0
groomla01w,3,14.188568194680247,10.775151515151515,0.0,0
groomla01w,4,16.537517265193372,14.188568194680247,10.775151515151515,0
groomla01w,5,10.744327731092437,16.537517265193372,14.188568194680247,0
grubigo01w,1,0.0,0.0,0.0,0
grubigo01w,2,17.47948348001731,0.0,0.0,0
grubigo01w,3,12.279241516966067,17.47948348001731,0.0,0
grubigo01w,5,20.957133838383836,12.279241516966067,17.47948348001731,0
grubigo01w,6,-0.5599999999999999,20.957133838383836,12.279241516966067,0
grudasa01w,9,0.0,0.0,0.0,0
grudasa01w,10,17.26023921710765,0.0,0.0,0
hairska01w,8,0.0,0.0,0.0,0
hallam01w,3,0.0,0.0,0.0,0
hallvi01w,1,0.0,0.0,0.0,0
hallvi01w,2,13.527927215189873,0.0,0.0,0
hallvi01w,3,10.333333333333332,13.527927215189873,0.0,0
hammobe01w,1,0.0,0.0,0.0,0
hammobe01w,2,19.71597222222222,0.0,0.0,0
hammobe01w,3,16.690402918781725,19.71597222222222,0.0,0
hammobe01w,4,16.403743654822335,16.690402918781725,19.71597222222222,0
hammobe01w,5,23.21985370950888,16.403743654822335,16.690402918781725,0
hammobe01w,6,26.92791625124626,23.21985370950888,16.403743654822335,0
hammobe01w,7,27.809593837535015,26.92791625124626,23.21985370950888,0
hammobe01w,8,26.368759018759018,27.809593837535015,26.92791625124626,0
hammobe01w,9,28.752736318407962,26.368759018759018,27.809593837535015,0
hammobe01w,10,30.198048982980485,28.752736318407962,26.368759018759018,0
hammobe01w,11,33.84846647903587,30.198048982980485,28.752736318407962,0
hamzoro01w,1,0.0,0.0,0.0,0
hardili01w,8,0.0,0.0,0.0,0
hardili01w,9,25.159094650205763,0.0,0.0,0
hardili01w,10,16.760731414868108,25.159094650205763,0.0,0
hardili01w,11,27.317254901960784,16.760731414868108,25.159094650205763,0
harpela01w,9,0.0,0.0,0.0,0
harpela01w,10,15.311328976034856,0.0,0.0,0
harriam01w,11,0.0,0.0,0.0,0
harrido01w,1,0.0,0.0,0.0,0
harrili01w,1,0.0,0.0,0.0,0
harrili01w,2,19.879095098449937,0.0,0.0,0
harrili01w,3,20.298682735426006,19.879095098449937,0.0,0
harrili01w,4,20.027427685950414,20.298682735426006,19.879095098449937,0
harrili01w,6,16.546199424411714,20.027427685950414,20.298682735426006,0
harrokr01w,2,0.0,0.0,0.0,0
harrokr01w,3,15.991666666666667,0.0,0.0,0
harrokr01w,4,11.753996101364521,15.991666666666667,0.0,0
harrokr01w,6,10.929773822766037,11.753996101364521,15.991666666666667,0
harrokr01w,10,15.462874951305027,10.929773822766037,11.753996101364521,0
haydeva01w,5,0.0,0.0,0.0,0
haydeva01w,6,13.644046844502277,0.0,0.0,0
haydeva01w,7,21.459989156953107,13.644046844502277,0.0,0
haydeva01w,9,14.978214093598709,21.459989156953107,13.644046844502277,0
haydeva01w,10,15.08538812785388,14.978214093598709,21.459989156953107,0
haynikr01w,6,0.0,0.0,0.0,0
haynikr01w,7,12.54880341880342,0.0,0.0,0
haynikr01w,8,12.91885469419556,12.54880341880342,0.0,0
haynikr01w,9,9.570588235294117,12.91885469419556,12.54880341880342,0
haynikr01w,10,11.89122807017544,9.570588235294117,12.91885469419556,0
headde01w,1,0.0,0.0,0.0,0
hendene01w,2,0.0,0.0,0.0,0
hendetr01w,3,0.0,0.0,0.0,0
hendetr01w,4,6.828525980911984,0.0,0.0,0
henniso01w,1,0.0,0.0,0.0,0
henniso01w,2,18.21930877483444,0.0,0.0,0
henniso01w,3,16.13766957364341,18.21930877483444,0.0,0
henniso01w,4,12.732868352223191,16.13766957364341,18.21930877483444,0
herriam01w,1,0.0,0.0,0.0,0
herriam01w,2,11.392,0.0,0.0,0
herriam01w,3,11.536155913978494,11.392,0.0,0
hibbeka01w,1,0.0,0.0,0.0,0
hicksje01w,1,0.0,0.0,0.0,0
hicksje01w,2,6.701672240802675,0.0,0.0,0
hicksje01w,3,13.557638888888889,6.701672240802675,0.0,0
hicksje01w,4,16.122854733291167,13.557638888888889,6.701672240802675,0
hicksje01w,5,10.68425925925926,16.122854733291167,13.557638888888889,0
hightal01w,11,0.0,0.0,0.0,0
hillec01w,1,0.0,0.0,0.0,0
hillec01w,2,4.957142857142856,0.0,0.0,0
hledeko01w,1,0.0,0.0,0.0,0
hledeko01w,2,21.686848635235734,0.0,0.0,0
hledeko01w,3,13.400709219858157,21.686848635235734,0.0,0
hodgedo01w,5,0.0,0.0,0.0,0
hodgedo01w,6,6.968589743589744,0.0,0.0,0
hodgedo01w,7,14.19950238853503,6.968589743589744,0.0,0
hodgedo01w,8,10.382679738562093,14.19950238853503,6.968589743589744,0
hodgedo01w,9,5.476923076923077,10.382679738562093,14.19950238853503,0
hodgedo01w,11,6.65,5.476923076923077,10.382679738562093,0
hodgero01w,6,0.0,0.0,0.0,0
hodgero01w,7,5.339034369885434,0.0,0.0,0
hodgero01w,8,14.82739840804357,5.339034369885434,0.0,0
hodgero01w,9,8.913482447965206,14.82739840804357,5.339034369885434,0
hodgero01w,10,15.750340136054422,8.913482447965206,14.82739840804357,0
hodgero01w,11,21.251515151515154,15.750340136054422,8.913482447965206,0
hoffmeb01w,5,0.0,0.0,0.0,0
hoffmeb01w,6,9.695863453815264,0.0,0.0,0
hoffmeb01w,7,13.063845350052246,9.695863453815264,0.0,0
hoffmeb01w,8,19.107013574660634,13.063845350052246,9.695863453815264,0
hoffmeb01w,9,15.170772058823529,19.107013574660634,13.063845350052246,0
hoffmeb01w,10,28.23225322532253,15.170772058823529,19.107013574660634,0
hoffmeb01w,11,24.068351813568878,28.23225322532253,15.170772058823529,0
holdsch01w,1,0.0,0.0,0.0,0
holdsch01w,2,34.64929859719439,0.0,0.0,0
holdsch01w,3,33.80428265524625,34.64929859719439,0.0,0
holdsch01w,4,40.76015151515152,33.80428265524625,34.64929859719439,0
holdsch01w,5,42.33518518518518,40.76015151515152,33.80428265524625,0
holdsch01w,6,38.332894594886184,42.33518518518518,40.76015151515152,0
holdsch01w,7,33.060606060606055,38.332894594886184,42.33518518518518,0
holdsch01w,8,30.594412698412697,33.060606060606055,38.332894594886184,0
holdsch01w,10,26.340634920634916,30.594412698412697,33.060606060606055,0
hollake01w,1,0.0,0.0,0.0,0
hollake01w,2,20.277976778656125,0.0,0.0,0
hollake01w,3,21.96918575697211,20.277976778656125,0.0,0
hollake01w,4,18.083246237458194,21.96918575697211,20.277976778656125,0
hollake01w,5,18.46206896551724,18.083246237458194,21.96918575697211,0
hollake01w,7,17.32921034241789,18.46206896551724,18.083246237458194,0
holliqu01w,10,0.0,0.0,0.0,0
holliqu01w,11,12.622549019607842,0.0,0.0,0
holmejo01w,1,0.0,0.0,0.0,0
holmese01w,9,0.0,0.0,0.0,0
holtam01w,9,0.0,0.0,0.0,0
holtam01w,10,16.96741058232338,0.0,0.0,0
holtam01w,11,16.06942382467303,16.96741058232338,0.0,0
hopeky01w,1,0.0,0.0,0.0,0
hornbal01w,9,0.0,0.0,0.0,0
hornbal01w,10,21.630502313284865,0.0,0.0,0
hornbal01w,11,20.602816901408453,21.630502313284865,0.0,0
houstch01w,9,0.0,0.0,0.0,0
houstch01w,10,19.654648176682077,0.0,0.0,0
houstch01w,11,28.17484355444305,19.654648176682077,0.0,0
humphta01w,9,0.0,0.0,0.0,0
humphta01w,10,18.22352750809062,0.0,0.0,0
ibekwif01w,11,0.0,0.0,0.0,0
irvinsa01w,6,0.0,0.0,0.0,0
irvinsa01w,7,12.790151515151514,0.0,0.0,0
irvinsa01w,8,6.752747252747253,12.790151515151514,0.0,0
irvinsa01w,9,7.116977225672878,6.752747252747253,12.790151515151514,0
irvinsa01w,11,6.890476190476191,7.116977225672878,6.752747252747253,0
ivanyda01w,1,0.0,0.0,0.0,0
ivanyda01w,4,11.76574074074074,0.0,0.0,0
ivanyda01w,6,6.7,11.76574074074074,0.0,0
ivanyda01w,7,10.698009950248757,6.7,11.76574074074074,0
iveyni01w,2,0.0,0.0,0.0,0
iveyni01w,3,13.881740196078432,0.0,0.0,0
iveyni01w,4,9.588868696047252,13.881740196078432,0.0,0
iveyni01w,5,15.912643678160919,9.588868696047252,13.881740196078432,0
iveyni01w,6,8.23963963963964,15.912643678160919,9.588868696047252,0
jacksde01w,3,0.0,0.0,0.0,0
jacksde01w,4,8.930434782608694,0.0,0.0,0
jacksde01w,5,17.37721330956625,8.930434782608694,0.0,0
jacksde01w,6,16.785926880712445,17.37721330956625,8.930434782608694,0
jacksde01w,7,12.849365213711382,16.785926880712445,17.37721330956625,0
jacksgw01w,4,0.0,0.0,0.0,0
jacksgw01w,5,20.713286713286713,0.0,0.0,0
jacksgw01w,6,11.997751710654935,20.713286713286713,0.0,0
jacksla01w,2,0.0,0.0,0.0,0
jacksla01w,3,35.51822660098522,0.0,0.0,0
jacksla01w,4,37.222402597402606,35.51822660098522,0.0,0
jacksla01w,5,43.113745823251534,37.222402597402606,35.51822660098522,0
jacksla01w,6,38.39228611500702,43.113745823251534,37.222402597402606,0
jacksla01w,7,39.3454248366013,38.39228611500702,43.113745823251534,0
jacksla01w,8,39.57959372114497,39.3454248366013,38.39228611500702,0
jacksla01w,9,46.02985655870709,39.57959372114497,39.3454248366013,0
jacksla01w,10,38.772294372294375,46.02985655870709,39.57959372114497,0
jacksla01w,11,38.02809917355372,38.772294372294375,46.02985655870709,0
jacksta01w,1,0.0,0.0,0.0,0
jacksta01w,2,11.6583945732052,0.0,0.0,0
jacksta01w,3,13.584375,11.6583945732052,0.0,0
jacksta02w,1,0.0,0.0,0.0,0
jacksta02w,2,17.04439511653718,0.0,0.0,0
jacksta02w,3,11.185687869822486,17.04439511653718,0.0,0
jacksta02w,4,21.889314862542953,11.185687869822486,17.04439511653718,0
jacksta02w,5,21.94666775297377,21.889314862542953,11.185687869822486,0
jacksta02w,6,14.338222222222225,21.94666775297377,21.889314862542953,0
jacksta02w,7,6.313461538461539,14.338222222222225,21.94666775297377,0
jacksti02w,8,0.0,0.0,0.0,0
jacksti02w,9,13.605844155844153,0.0,0.0,0
jacksti02w,10,21.583235668789808,13.605844155844153,0.0,0
jacksti02w,11,15.03193841294907,21.583235668789808,13.605844155844153,0
jacobam01w,5,0.0,0.0,0.0,0
jacobam01w,6,8.215625,0.0,0.0,0
jacobam01w,7,10.476456876456876,8.215625,0.0,0
jacobam01w,8,18.05951072017592,10.476456876456876,8.215625,0
jacobam01w,9,7.540229885057472,18.05951072017592,10.476456876456876,0
jamesta01w,7,0.0,0.0,0.0,0
jamesta01w,8,7.529931972789116,0.0,0.0,0
januabr01w,10,0.0,0.0,0.0,0
januabr01w,11,16.003030303030304,0.0,0.0,0
jekaban01w,10,0.0,0.0,0.0,0
joensca01w,8,0.0,0.0,0.0,0
joensca01w,9,14.955629580279814,0.0,0.0,0
johnsad01w,1,0.0,0.0,0.0,0
johnsad01w,3,22.921676208651398,0.0,0.0,0
johnsad01w,4,11.606906077348066,22.921676208651398,0.0,0
johnsch01w,4,0.0,0.0,0.0,0
johnsja01w,2,0.0,0.0,0.0,0
johnsla01w,1,0.0,0.0,0.0,0
johnsla01w,2,11.527559476075915,0.0,0.0,0
johnsla01w,3,5.126923076923077,11.527559476075915,0.0,0
johnsla01w,4,7.139473684210527,5.126923076923077,11.527559476075915,0
johnsla01w,5,5.261017719218537,7.139473684210527,5.126923076923077,0
johnsni01w,1,0.0,0.0,0.0,0
johnspo01w,1,0.0,0.0,0.0,0
johnspo01w,2,6.9,0.0,0.0,0
johnspo01w,3,7.511111111111111,6.9,0.0,0
johnspo01w,4,19.363931586923577,7.511111111111111,6.9,0
johnspo01w,5,13.35222222222222,19.363931586923577,7.511111111111111,0
johnssh01w,1,0.0,0.0,0.0,0
johnssh01w,2,29.088845064724918,0.0,0.0,0
johnssh01w,3,22.996546310832024,29.088845064724918,0.0,0
johnssh01w,4,32.07792520109462,22.996546310832024,29.088845064724918,0
johnssh01w,5,27.820136455836252,32.07792520109462,22.996546310832024,0
johnssh01w,6,21.33245106148332,27.820136455836252,32.07792520109462,0
johnssh01w,7,20.86321698804003,21.33245106148332,27.820136455836252,0
johnssh01w,8,24.296875,20.86321698804003,21.33245106148332,0
johnssh01w,9,13.561007667031763,24.296875,20.86321698804003,0
johnssh01w,10,23.530863133706738,13.561007667031763,24.296875,0
johnste01w,6,0.0,0.0,0.0,0
johnste01w,7,24.08757810816634,0.0,0.0,0
johnste01w,8,23.262623031496062,24.08757810816634,0.0,0
johnste01w,9,13.640909090909089,23.262623031496062,24.08757810816634,0
johnste01w,10,14.600129143349116,13.640909090909089,23.262623031496062,0
johnste01w,11,23.580751517688928,14.600129143349116,13.640909090909089,0
johnsti01w,1,0.0,0.0,0.0,0
johnsti01w,2,16.10322580645161,0.0,0.0,0
johnsti01w,3,14.761503623188407,16.10322580645161,0.0,0
johnsti01w,4,19.641467696629213,14.761503623188407,16.10322580645161,0
johnsti01w,5,11.888709677419357,19.641467696629213,14.761503623188407,0
johnsti01w,7,14.936363636363634,11.888709677419357,19.641467696629213,0
johnsvi01w,1,0.0,0.0,0.0,0
johnsvi01w,2,24.47487056949423,0.0,0.0,0
johnsvi01w,3,23.544229294478527,24.47487056949423,0.0,0
johnsvi01w,4,24.486409307244845,23.544229294478527,24.47487056949423,0
johnsvi01w,5,24.814085144927535,24.486409307244845,23.544229294478527,0
johnsvi01w,6,21.576751656293915,24.814085144927535,24.486409307244845,0
johnsvi01w,7,22.907352941176466,21.576751656293915,24.814085144927535,0
johnsvi01w,8,24.11864910001855,22.907352941176466,21.576751656293915,0
johnsvi01w,9,25.03258566978193,24.11864910001855,22.907352941176466,0
johnsvi01w,10,22.465814393939393,25.03258566978193,24.11864910001855,0
jonesas01w,3,0.0,0.0,0.0,0
jonesas01w,4,14.985166309012875,0.0,0.0,0
jonesas01w,5,19.101623445076953,14.985166309012875,0.0,0
jonesas01w,6,16.51967757814423,19.101623445076953,14.985166309012875,0
jonesas01w,7,18.418181818181818,16.51967757814423,19.101623445076953,0
jonesas01w,8,23.893659739344844,18.418181818181818,16.51967757814423,0
jonesas01w,9,28.825038759689924,23.893659739344844,18.418181818181818,0
jonesas01w,10,31.737310195227767,28.825038759689924,23.893659739344844,0
jonesas01w,11,31.612004617160444,31.737310195227767,28.825038759689924,0
jonesch01w,5,0.0,0.0,0.0,0
jonesch01w,6,10.021265267773256,0.0,0.0,0
jonesch01w,7,15.771691902567479,10.021265267773256,0.0,0
jonesja01w,1,0.0,0.0,0.0,0
jonesla01w,1,0.0,0.0,0.0,0
jonesma01w,11,0.0,0.0,0.0,0
jonesme01w,1,0.0,0.0,0.0,0
jonesme01w,2,22.996217105263156,0.0,0.0,0
jonesme01w,3,26.286657824933684,22.996217105263156,0.0,0
jonesme01w,4,27.126160941475828,26.286657824933684,22.996217105263156,0
jonesme01w,5,13.555582232893157,27.126160941475828,26.286657824933684,0
kellycr01w,9,0.0,0.0,0.0,0
kellycr01w,10,15.956389986824771,0.0,0.0,0
kingbsu01w,6,0.0,0.0,0.0,0
kingija01w,2,0.0,0.0,0.0,0
kingija01w,5,16.238756677999028,0.0,0.0,0
kingija01w,7,6.683333333333333,16.238756677999028,0.0,0
klimezu01w,3,0.0,0.0,0.0,0
klimezu01w,4,3.0303030303030303,0.0,0.0,0
kobryew01w,11,0.0,0.0,0.0,0
koehnla01w,6,0.0,0.0,0.0,0
koehnla01w,7,9.190210970464136,0.0,0.0,0
koehnla01w,8,8.04375,9.190210970464136,0.0,0
koehnla01w,9,5.436111111111111,8.04375,9.190210970464136,0
korstil01w,2,0.0,0.0,0.0,0
kostaan01w,7,0.0,0.0,0.0,0
kostita01w,1,0.0,0.0,0.0,0
kraayca01w,6,0.0,0.0,0.0,0
kraayca01w,7,10.23475935828877,0.0,0.0,0
kraayca01w,8,18.83514644351465,10.23475935828877,0.0,0
kraayca01w,9,21.83768258981445,18.83514644351465,10.23475935828877,0
kraayca01w,10,23.716679826292932,21.83768258981445,18.83514644351465,0
kraayca01w,11,18.712566844919785,23.716679826292932,21.83768258981445,0
kubikni01w,1,0.0,0.0,0.0,0
kubikni01w,2,4.683333333333334,0.0,0.0,0
lacyje01w,7,0.0,0.0,0.0,0
lacyje01w,8,13.111079545454544,0.0,0.0,0
lacyje01w,9,6.627931034482758,13.111079545454544,0.0,0
lacyje01w,10,13.84322169059011,6.627931034482758,13.111079545454544,0
lacyje01w,11,9.099153037383177,13.84322169059011,6.627931034482758,0
lacyna01w,11,0.0,0.0,0.0,0
lacyve01w,1,0.0,0.0,0.0,0
lambesh01w,3,0.0,0.0,0.0,0
lambesh01w,4,6.366666666666667,0.0,0.0,0
lambesh01w,5,7.288215488215489,6.366666666666667,0.0,0
lambesh01w,6,14.01964107676969,7.288215488215489,6.366666666666667,0
lambmo01w,1,0.0,0.0,0.0,0
langhcr01w,9,0.0,0.0,0.0,0
langhcr01w,10,16.08264975715057,0.0,0.0,0
langhcr01w,11,27.77178956089479,16.08264975715057,0.0,0
larkier01w,9,0.0,0.0,0.0,0
larkier01w,10,13.165642237982663,0.0,0.0,0
lassiam01w,2,0.0,0.0,0.0,0
lassiam01w,3,14.32531474820144,0.0,0.0,0
lassiam01w,4,14.10047619047619,14.32531474820144,0.0,0
lassiam01w,5,16.639903846153846,14.10047619047619,14.32531474820144,0
lassiam01w,6,12.739057239057239,16.639903846153846,14.10047619047619,0
lassiam01w,7,9.391444600280504,12.739057239057239,16.639903846153846,0
lattaiv01w,8,0.0,0.0,0.0,0
lattaiv01w,9,8.48223952539859,0.0,0.0,0
lattaiv01w,10,23.435748585148346,8.48223952539859,0.0,0
lattaiv01w,11,12.64090909090909,23.435748585148346,8.48223952539859,0
lavenja01w,11,0.0,0.0,0.0,0
lawsoed01w,6,0.0,0.0,0.0,0
lawsoed01w,7,4.320300751879699,0.0,0.0,0
lawsoed01w,9,8.42008547008547,4.320300751879699,0.0,0
lawsoed01w,10,9.906666666666666,8.42008547008547,4.320300751879699,0
lawsoka01w,4,0.0,0.0,0.0,0
lawsoka01w,5,17.05011661052086,0.0,0.0,0
lawsoka01w,6,17.774669867947175,17.05011661052086,0.0,0
lawsoka01w,7,16.396058558558558,17.774669867947175,17.05011661052086,0
lawsoka01w,8,16.3492950899368,16.396058558558558,17.774669867947175,0
lawsoka01w,9,20.720588235294116,16.3492950899368,16.396058558558558,0
lawsoka01w,10,22.23685313411079,20.720588235294116,16.3492950899368,0
lawsoka01w,11,18.124000000000002,22.23685313411079,20.720588235294116,0
lazicka01w,2,0.0,0.0,0.0,0
lehnish01w,10,0.0,0.0,0.0,0
lehnish01w,11,13.850379506641367,0.0,0.0,0
lennobe01w,1,0.0,0.0,0.0,0
lennobe01w,2,31.161265923566877,0.0,0.0,0
lennobe01w,3,21.709090909090904,31.161265923566877,0.0,0
lennobe01w,4,18.80931394820536,21.709090909090904,31.161265923566877,0
lennobe01w,5,13.917472118959104,18.80931394820536,21.709090909090904,0
lennobe01w,6,23.62774621212121,13.917472118959104,18.80931394820536,0
lennobe01w,7,23.392197452229297,23.62774621212121,13.917472118959104,0
lennobe01w,8,23.953601724377695,23.392197452229297,23.62774621212121,0
lennobe01w,9,25.458238544036398,23.953601724377695,23.392197452229297,0
lennobe01w,10,27.710061299068727,25.458238544036398,23.953601724377695,0
lennobe01w,11,20.68179104477612,27.710061299068727,25.458238544036398,0
leslili01w,1,0.0,0.0,0.0,0
leslili01w,2,37.77514534883721,0.0,0.0,1
leslili01w,3,40.89685017614146,37.77514534883721,0.0,1
leslili01w,4,41.29710789766407,40.89685017614146,37.77514534883721,0
leslili01w,5,41.78011423242802,41.29710789766407,40.89685017614146,0
leslili01w,6,41.97986174514152,41.78011423242802,41.29710789766407,0
leslili01w,7,36.39949290060852,41.97986174514152,41.78011423242802,0
leslili01w,9,41.715226289322885,36.39949290060852,41.97986174514152,0
leslili01w,10,37.10326914464846,41.715226289322885,36.39949290060852,0
leuchye01w,7,0.0,0.0,0.0,0
leuchye01w,8,10.625,0.0,0.0,0
levanni01w,2,0.0,0.0,0.0,0
lewista01w,3,0.0,0.0,0.0,0
lewisty01w,2,0.0,0.0,0.0,0
lewisty01w,3,10.546026986506746,0.0,0.0,0
lewisty01w,4,8.221568627450981,10.546026986506746,0.0,0
lewisty01w,5,10.69789621318373,8.221568627450981,10.546026986506746,0
lewisty01w,6,15.727450980392158,10.69789621318373,8.221568627450981,0
lewisty01w,7,8.866883116883116,15.727450980392158,10.69789621318373,0
liebena01w,9,0.0,0.0,0.0,0
littlca01w,8,0.0,0.0,0.0,0
littlca01w,9,15.32507858105074,0.0,0.0,0
littlca01w,10,18.732428010471203,15.32507858105074,0.0,0
littlca01w,11,24.388358309103108,18.732428010471203,15.32507858105074,0
lloydan01w,1,0.0,0.0,0.0,0
lobore01w,2,0.0,0.0,0.0,0
lobore01w,3,4.8880681818181815,0.0,0.0,0
lobore01w,4,8.049404761904762,4.8880681818181815,0.0,0
lovelst01w,1,0.0,0.0,0.0,0
lovelst01w,2,10.642971718024484,0.0,0.0,0
lovelst01w,5,9.525544174135723,10.642971718024484,0.0,0
lovelst01w,6,10.257569913211185,9.525544174135723,10.642971718024484,0
lovelst01w,7,15.925654539272356,10.257569913211185,9.525544174135723,0
lovelst01w,8,17.095530439249938,15.925654539272356,10.257569913211185,0
lovelst01w,9,8.796825396825396,17.095530439249938,15.925654539272356,0
luckepa01w,2,0.0,0.0,0.0,0
luzhe01w,2,0.0,0.0,0.0,0
luzhe01w,3,13.384742647058822,0.0,0.0,0
luzhe01w,4,12.99814189189189,13.384742647058822,0.0,0
lyttlsa01w,6,0.0,0.0,0.0,0
lyttlsa01w,7,16.00825082508251,0.0,0.0,0
lyttlsa01w,8,15.004597701149425,16.00825082508251,0.0,0
lyttlsa01w,9,20.929445822994207,15.004597701149425,16.00825082508251,0
lyttlsa01w,10,27.06722925457103,20.929445822994207,15.004597701149425,0
lyttlsa01w,11,32.84239993518068,27.06722925457103,20.929445822994207,0
mabikmw01w,1,0.0,0.0,0.0,0
mabikmw01w,2,30.874347014925373,0.0,0.0,0
mabikmw01w,3,27.099330357142858,30.874347014925373,0.0,0
mabikmw01w,4,31.902984234234232,27.099330357142858,30.874347014925373,0
mabikmw01w,5,26.29716494845361,31.902984234234232,27.099330357142858,0
mabikmw01w,6,27.438532805525142,26.29716494845361,31.902984234234232,0
mabikmw01w,7,14.484956605593055,27.438532805525142,26.29716494845361,0
mabikmw01w,8,16.76424180327869,14.484956605593055,27.438532805525142,0
mabikmw01w,9,17.95250176180409,16.76424180327869,14.484956605593055,0
macchla01w,5,0.0,0.0,0.0,0
macchla01w,6,15.433660377358489,0.0,0.0,0
machacl01w,1,0.0,0.0,0.0,0
machacl01w,2,13.27990672366887,0.0,0.0,0
machacl01w,3,16.056666666666665,13.27990672366887,0.0,0
mahonme01w,7,0.0,0.0,0.0,0
mahonme01w,8,8.355597722960152,0.0,0.0,0
mahonsh01w,1,0.0,0.0,0.0,0
mahonsh01w,3,7.3614035087719305,0.0,0.0,0
maigaha01w,3,0.0,0.0,0.0,0
maigaha01w,4,6.926743232157507,0.0,0.0,0
maigaha01w,5,9.514685314685314,6.926743232157507,0.0,0
maigaha01w,6,12.452852049910874,9.514685314685314,6.926743232157507,0
maigaha01w,7,11.9861697350696,12.452852049910874,9.514685314685314,0
maigaha01w,8,14.558600148920327,11.9861697350696,12.452852049910874,0
maigaha01w,9,22.97355127924776,14.558600148920327,11.9861697350696,0
maigaha01w,10,18.89602346805737,22.97355127924776,14.558600148920327,0
malcona01w,2,0.0,0.0,0.0,0
malcona01w,3,15.671089470480828,0.0,0.0,0
malloso01w,4,0.0,0.0,0.0,0
maltsev01w,8,0.0,0.0,0.0,0
mannish01w,1,0.0,0.0,0.0,0
mannkr01w,6,0.0,0.0,0.0,0
mannkr01w,7,10.895833333333332,0.0,0.0,0
mannkr01w,8,18.792818945760125,10.895833333333332,0.0,0
mannkr01w,9,19.1,18.792818945760125,10.895833333333332,0
mannkr01w,10,9.741666666666665,19.1,18.792818945760125,0
mapprh01w,1,0.0,0.0,0.0,0
mapprh01w,2,28.56666666666667,0.0,0.0,0
mapprh01w,4,12.539674796747967,28.56666666666667,0.0,0
marcimi01w,1,0.0,0.0,0.0,0
marcimi01w,2,14.588108766233766,0.0,0.0,0
marcimi01w,3,14.117212896349589,14.588108766233766,0.0,0
martima01w,1,0.0,0.0,0.0,0
martima01w,2,13.33960451977401,0.0,0.0,0
martinu01w,6,0.0,0.0,0.0,0
mascira01w,5,0.0,0.0,0.0,0
mascira01w,6,6.294117647058823,0.0,0.0,0
mascira01w,9,10.833799533799533,6.294117647058823,0.0,0
matteca01w,6,0.0,0.0,0.0,0
maxwemo01w,1,0.0,0.0,0.0,0
maxwemo01w,2,24.781524122807017,0.0,0.0,0
maxwemo01w,3,9.0588679245283,24.781524122807017,0.0,0
mazzake01w,5,0.0,0.0,0.0,0
mazzake01w,6,6.8136828644501275,0.0,0.0,0
mazzake01w,7,7.535185185185186,6.8136828644501275,0.0,0
mazzake01w,8,20.667084306646842,7.535185185185186,6.8136828644501275,0
mazzake01w,9,14.119964349376115,20.667084306646842,7.535185185185186,0
mazzake01w,10,14.293543758967001,14.119964349376115,20.667084306646842,0
mazzake01w,11,9.942815249266861,14.293543758967001,14.119964349376115,0
mccaibr01w,3,0.0,0.0,0.0,0
mccaiti01w,1,0.0,0.0,0.0,0
mccaiti01w,2,5.649224489795919,0.0,0.0,0
mccaiti01w,3,8.667259174311926,5.649224489795919,0.0,0
mccanra01w,10,0.0,0.0,0.0,0
mccarja01w,6,0.0,0.0,0.0,0
mccarja01w,7,9.246428571428572,0.0,0.0,0
mccarja01w,8,15.726271186440679,9.246428571428572,0.0,0
mccarja01w,9,23.193097389558233,15.726271186440679,9.246428571428572,0
mccarja01w,10,30.466447503595646,23.193097389558233,15.726271186440679,0
mccarst01w,1,0.0,0.0,0.0,0
mccarst01w,2,16.42902861445783,0.0,0.0,0
mccarst01w,4,15.528953771289538,16.42902861445783,0.0,0
mccarst01w,5,16.689636663914122,15.528953771289538,16.42902861445783,0
mcconsu01w,1,0.0,0.0,0.0,0
mccouan01w,10,0.0,0.0,0.0,0
mccouan01w,11,27.394257703081237,0.0,0.0,0
mccrada01w,11,0.0,0.0,0.0,0
mccrani01w,1,0.0,0.0,0.0,0
mccrani01w,2,24.92203733766234,0.0,0.0,0
mccrani01w,3,17.25032327586207,24.92203733766234,0.0,0
mccrani01w,4,20.288443396226413,17.25032327586207,24.92203733766234,0
mccrani01w,5,12.37693947144075,20.288443396226413,17.25032327586207,0
mccrani01w,6,8.488723051409618,12.37693947144075,20.288443396226413,0
mccrani01w,7,6.02805049088359,8.488723051409618,12.37693947144075,0
mccrini01w,1,0.0,0.0,0.0,0
mccrini01w,2,12.686810064935063,0.0,0.0,0
mccrini01w,3,11.298015873015874,12.686810064935063,0.0,0
mccrini01w,4,9.772257653061224,11.298015873015874,12.686810064935063,0
mcculda01w,1,0.0,0.0,0.0,0
mcculda01w,2,15.14868154158215,0.0,0.0,0
mcculda01w,3,8.515277777777778,15.14868154158215,0.0,0
mcculda01w,4,2.725,8.515277777777778,15.14868154158215,0
mcgheca01w,1,0.0,0.0,0.0,0
mcgheca01w,2,10.155082831325302,0.0,0.0,0
mcgheca01w,3,3.6176470588235294,10.155082831325302,0.0,0
mckivte01w,4,0.0,0.0,0.0,0
mckivte01w,5,13.617700578990902,0.0,0.0,0
mckivte01w,6,12.362962962962964,13.617700578990902,0.0,0
mckivte01w,8,12.173874512584188,12.362962962962964,13.617700578990902,0
mcwilta01w,1,0.0,0.0,0.0,0
mcwilta01w,2,32.89242424242424,0.0,0.0,0
mcwilta01w,3,32.683827416918426,32.89242424242424,0.0,0
mcwilta01w,4,23.93076923076923,32.683827416918426,32.89242424242424,0
mcwilta01w,5,27.562722298221612,23.93076923076923,32.683827416918426,0
mcwilta01w,6,30.89919786096257,27.562722298221612,23.93076923076923,0
mcwilta01w,7,31.683290239172596,30.89919786096257,27.562722298221612,0
mcwilta01w,8,33.366052431610946,31.683290239172596,30.89919786096257,0
mcwilta01w,9,27.677822853279245,33.366052431610946,31.683290239172596,0
mcwilta01w,10,29.955109231853417,27.677822853279245,33.366052431610946,0
mcwilta01w,11,26.91166077738516,29.955109231853417,27.677822853279245,0
melvich01w,1,0.0,0.0,0.0,0
melvich01w,2,25.640257352941177,0.0,0.0,0
melvich01w,3,24.736778639104227,25.640257352941177,0.0,0
melvich01w,4,26.176988636363635,24.736778639104227,25.640257352941177,0
melvich01w,5,27.53948065712772,26.176988636363635,24.736778639104227,0
melvich01w,6,18.25955882352941,27.53948065712772,26.176988636363635,0
melvich01w,7,24.691562198649947,18.25955882352941,27.53948065712772,0
melvich01w,8,27.889375750300115,24.691562198649947,18.25955882352941,0
melvich01w,9,24.840359555984556,27.889375750300115,24.691562198649947,0
melvich01w,10,21.32850678733032,24.840359555984556,27.889375750300115,0
mendigi01w,5,0.0,0.0,0.0,0
miaomi01w,6,0.0,0.0,0.0,0
millebr01w,10,0.0,0.0,0.0,0
milleco01w,2,0.0,0.0,0.0,0
milleco01w,3,5.69,0.0,0.0,0
milleco01w,4,21.372100760456277,5.69,0.0,0
milleco01w,5,26.302617801047123,21.372100760456277,5.69,0
milleco01w,6,13.587134821266558,26.302617801047123,21.372100760456277,0
milleco01w,7,13.59705882352941,13.587134821266558,26.302617801047123,0
milleco01w,8,17.138751289989678,13.59705882352941,13.587134821266558,0
milleco01w,9,11.361724137931033,17.138751289989678,13.59705882352941,0
milleco01w,10,13.063092979127136,11.361724137931033,17.138751289989678,0
milleco01w,11,10.524831243973,13.063092979127136,11.361724137931033,0
milleke01w,2,0.0,0.0,0.0,0
milleke01w,3,8.421187584345478,0.0,0.0,0
milleke01w,4,16.34140183615819,8.421187584345478,0.0,0
milleke01w,5,13.221856287425151,16.34140183615819,8.421187584345478,0
milleke01w,6,21.79444243955251,13.221856287425151,16.34140183615819,0
milleke01w,7,21.7620186203978,21.79444243955251,13.221856287425151,0
milleke01w,8,24.94182754182754,21.7620186203978,21.79444243955251,0
milleke01w,9,25.985784313725492,24.94182754182754,21.7620186203978,0
milleke01w,10,20.822204759766503,25.985784313725492,24.94182754182754,0
milleke01w,11,12.897690485590209,20.822204759766503,25.985784313725492,0
millsta01w,1,0.0,0.0,0.0,0
millsta01w,2,11.203533026113671,0.0,0.0,0
millsta01w,3,9.966666666666667,11.203533026113671,0.0,0
millsta01w,4,0.6499999999999999,9.966666666666667,11.203533026113671,0
millsta01w,8,7.685080928923294,0.6499999999999999,9.966666666666667,0
miltode01w,1,0.0,0.0,0.0,0
miltode01w,2,29.144453924914675,0.0,0.0,0
miltode01w,3,27.145777027027027,29.144453924914675,0.0,0
miltode01w,4,27.205223708487086,27.145777027027027,29.144453924914675,0
miltode01w,5,31.560385523210073,27.205223708487086,27.145777027027027,0
miltode01w,6,21.58989865969271,31.560385523210073,27.205223708487086,0
miltode01w,7,26.72676004760597,21.58989865969271,31.560385523210073,0
miltode01w,8,28.473502871205906,26.72676004760597,21.58989865969271,0
miltode01w,9,26.691313269493843,28.473502871205906,26.72676004760597,0
miltode01w,10,27.88360840210052,26.691313269493843,28.473502871205906,0
miltode01w,11,22.91227178618483,27.88360840210052,26.691313269493843,0
mitchle01w,9,0.0,0.0,0.0,0
mitchle01w,10,13.24075630252101,0.0,0.0,0
mitchle01w,11,9.535294117647059,13.24075630252101,0.0,0
moeggli01w,7,0.0,0.0,0.0,0
moeggli01w,8,8.756084656084656,0.0,0.0,0
moisead01w,2,0.0,0.0,0.0,0
moisead01w,3,14.131746031746031,0.0,0.0,0
moisead01w,8,14.325838414634147,14.131746031746031,0.0,0
monroja01w,11,0.0,0.0,0.0,0
montaan01w,10,0.0,0.0,0.0,0
montgal01w,11,0.0,0.0,0.0,0
montgre01w,10,0.0,0.0,0.0,0
montgre01w,11,17.438823529411764,0.0,0.0,0
mooreja01w,3,0.0,0.0,0.0,0
mooreje01w,6,0.0,0.0,0.0,0
mooreje01w,7,5.7406926406926395,0.0,0.0,0
mooreje01w,8,14.002941176470587,5.7406926406926395,0.0,0
mooreje01w,9,11.539355941863779,14.002941176470587,5.7406926406926395,0
mooreje01w,10,7.0593853820598005,11.539355941863779,14.002941176470587,0
mooreje01w,11,14.03977605971741,7.0593853820598005,11.539355941863779,0
moorelo01w,6,0.0,0.0,0.0,0
moorelo01w,7,6.533876811594203,0.0,0.0,0
moorelo01w,8,22.11249634182031,6.533876811594203,0.0,0
moorelo01w,9,26.885294117647057,22.11249634182031,6.533876811594203,0
moorelo01w,10,19.705804240736775,26.885294117647057,22.11249634182031,0
moorema01w,11,0.0,0.0,0.0,0
moorena01w,8,0.0,0.0,0.0,0
moorena01w,9,4.79757085020243,0.0,0.0,0
mooreta01w,3,0.0,0.0,0.0,0
mooreta01w,4,16.30083510725397,0.0,0.0,0
mooreta01w,5,8.854578754578753,16.30083510725397,0.0,0
mooreta01w,6,11.398104508196722,8.854578754578753,16.30083510725397,0
mooreta01w,7,9.58095238095238,11.398104508196722,8.854578754578753,0
mooreta01w,8,17.269066937119675,9.58095238095238,11.398104508196722,0
moosca01w,3,0.0,0.0,0.0,0
mosbybe01w,8,0.0,0.0,0.0,0
mosbybe01w,9,11.610138248847925,0.0,0.0,0
mosbybe01w,10,8.529901960784313,11.610138248847925,0.0,0
moweje01w,2,0.0,0.0,0.0,0
moweje01w,3,11.52,0.0,0.0,0
moweje01w,4,0.03999999999999998,11.52,0.0,0
mulitna01w,1,0.0,0.0,0.0,0
murphsh01w,8,0.0,0.0,0.0,0
murphsh01w,9,14.608512931034483,0.0,0.0,0
murphsh01w,10,7.6343137254901965,14.608512931034483,0.0,0
murphsh01w,11,10.878558052434459,7.6343137254901965,14.608512931034483,0
nagyan01w,1,0.0,0.0,0.0,0
nagyan01w,2,17.254485415520087,0.0,0.0,0
nagyan01w,3,6.228330995792426,17.254485415520087,0.0,0
nanch01w,10,0.0,0.0,0.0,0
ndiayas01w,1,0.0,0.0,0.0,0
ndiayas01w,2,23.975994744744746,0.0,0.0,0
ndiayas01w,3,24.284155058651027,23.975994744744746,0.0,0
ndiayas01w,4,19.882291666666667,24.284155058651027,23.975994744744746,0
ndiayas01w,5,7.607359307359307,19.882291666666667,24.284155058651027,0
ndiayas01w,7,5.05157894736842,7.607359307359307,19.882291666666667,0
ndiayas01w,8,10.753246753246753,5.05157894736842,7.607359307359307,0
ndongem01w,7,0.0,0.0,0.0,0
nemcoev01w,1,0.0,0.0,0.0,0
nemcoev01w,2,23.77822299651568,0.0,0.0,0
nevescl01w,1,0.0,0.0,0.0,0
nevescl01w,2,13.611847389558235,0.0,0.0,0
nevescl01w,3,12.153384912959382,13.611847389558235,0.0,0
newtoch01w,6,0.0,0.0,0.0,0
newtoch01w,7,13.606257402289774,0.0,0.0,0
newtoch01w,8,17.806690561529273,13.606257402289774,0.0,0
newtoch01w,9,15.03281576590027,17.806690561529273,13.606257402289774,0
newtoch01w,10,13.346153846153845,15.03281576590027,17.806690561529273,0
ngarsch01w,7,0.0,0.0,0.0,0
ngoyibe01w,3,0.0,0.0,0.0,0
ngoyibe01w,6,8.285714285714285,0.0,0.0,0
ngoyibe01w,7,11.859781576448242,8.285714285714285,0.0,0
ngoyibe01w,9,21.41471861471861,11.859781576448242,8.285714285714285,0
nieuwma01w,6,0.0,0.0,0.0,0
nnamach01w,9,0.0,0.0,0.0,0
nolande01w,2,0.0,0.0,0.0,0
nolande01w,3,14.17304314623902,0.0,0.0,0
nolande01w,4,18.44697580645161,14.17304314623902,0.0,0
nolande01w,5,25.04334935897436,18.44697580645161,14.17304314623902,0
nolande01w,6,28.369033130493577,25.04334935897436,18.44697580645161,0
nolande01w,7,30.82207792207792,28.369033130493577,25.04334935897436,0
nolande01w,8,28.41764705882353,30.82207792207792,28.369033130493577,0
nolande01w,9,32.1218137254902,28.41764705882353,30.82207792207792,0
nolande01w,10,31.78045540796964,32.1218137254902,28.41764705882353,0
nygaava01w,1,0.0,0.0,0.0,0
nygaava01w,2,17.735316985645934,0.0,0.0,0
nygaava01w,3,7.985663082437275,17.735316985645934,0.0,0
nygaava01w,4,11.943632639125981,7.985663082437275,17.735316985645934,0
ogayu01w,9,0.0,0.0,0.0,0
oheaje01w,11,0.0,0.0,0.0,0
ohldeni01w,5,0.0,0.0,0.0,0
ohldeni01w,6,25.292055003819712,0.0,0.0,0
ohldeni01w,7,24.284206285253823,25.292055003819712,0.0,0
ohldeni01w,8,22.116537180910097,24.284206285253823,25.292055003819712,0
ohldeni01w,9,22.93680770553835,22.116537180910097,24.284206285253823,0
ohldeni01w,10,15.501808549506759,22.93680770553835,22.116537180910097,0
olajuab01w,11,0.0,0.0,0.0,0
oneilkr01w,9,0.0,0.0,0.0,0
osipoir01w,7,0.0,0.0,0.0,0
owenhe01w,1,0.0,0.0,0.0,0
owenssh01w,1,0.0,0.0,0.0,0
owenssh01w,3,12.147968480669785,0.0,0.0,0
pageda01w,9,0.0,0.0,0.0,0
pagemu01w,1,0.0,0.0,0.0,0
pagemu01w,2,26.7321509009009,0.0,0.0,0
pagemu01w,3,21.88837932900433,26.7321509009009,0.0,0
pagemu01w,4,17.99719551282051,21.88837932900433,26.7321509009009,0
pagemu01w,5,17.534491978609623,17.99719551282051,21.88837932900433,0
pagemu01w,6,18.355844155844157,17.534491978609623,17.99719551282051,0
pagemu01w,7,11.658403361344538,18.355844155844157,17.534491978609623,0
pagemu01w,8,15.617226890756303,11.658403361344538,18.355844155844157,0
pagemu01w,9,15.167647058823526,15.617226890756303,11.658403361344538,0
paigeyo01w,6,0.0,0.0,0.0,0
paliesa01w,7,0.0,0.0,0.0,0
palmewe01w,1,0.0,0.0,0.0,0
palmewe01w,2,26.736586796246648,0.0,0.0,0
palmewe01w,3,23.92801268498943,26.736586796246648,0.0,0
palmewe01w,4,24.92206187707641,23.92801268498943,26.736586796246648,0
palmewe01w,5,12.358078231292517,24.92206187707641,23.92801268498943,0
palmewe01w,6,21.220289855072462,12.358078231292517,24.92206187707641,0
palmewe01w,7,22.7270539620807,21.220289855072462,12.358078231292517,0
palmewe01w,8,24.468484848484845,22.7270539620807,21.220289855072462,0
parisco01w,10,0.0,0.0,0.0,0
parisco01w,11,16.266666666666666,0.0,0.0,0
parkeca01w,9,0.0,0.0,0.0,0
parkeca01w,10,42.956547374194436,0.0,0.0,0
parkeca01w,11,35.16385185185186,42.956547374194436,0.0,0
pascafl01w,9,0.0,0.0,0.0,0
pavlimi01w,2,0.0,0.0,0.0,0
pavlimi01w,4,1.1700000000000002,0.0,0.0,0
payeka01w,1,0.0,0.0,0.0,0
payeka01w,2,7.883004926108374,0.0,0.0,0
payeka01w,3,12.618028846153846,7.883004926108374,0.0,0
pederka01w,11,0.0,0.0,0.0,0
penicti01w,1,0.0,0.0,0.0,0
penicti01w,2,28.635675675675675,0.0,0.0,0
penicti01w,3,25.70014025245442,28.635675675675675,0.0,0
penicti01w,4,31.66525157232705,25.70014025245442,28.635675675675675,0
penicti01w,5,23.386154949784792,31.66525157232705,25.70014025245442,0
penicti01w,6,22.263568266939053,23.386154949784792,31.66525157232705,0
penicti01w,7,19.518946648426812,22.263568266939053,23.386154949784792,0
penicti01w,8,18.39769521843825,19.518946648426812,22.263568266939053,0
penicti01w,9,19.563297872340428,18.39769521843825,19.518946648426812,0
penicti01w,10,24.82358722358722,19.563297872340428,18.39769521843825,0
penicti01w,11,18.160743405275777,24.82358722358722,19.563297872340428,0
pennjo01w,4,0.0,0.0,0.0,0
pennjo01w,5,9.954358974358975,0.0,0.0,0
perkiji01w,5,0.0,0.0,0.0,0
perkiji01w,6,3.7750000000000004,0.0,0.0,0
perkiji01w,7,13.965077262693157,3.7750000000000004,0.0,0
perkiji01w,8,23.475039018952064,13.965077262693157,3.7750000000000004,0
perkiji01w,9,25.62121212121212,23.475039018952064,13.965077262693157,0
perkiji01w,10,33.052989392478295,25.62121212121212,23.475039018952064,0
perkiji01w,11,29.4688654353562,33.052989392478295,25.62121212121212,0
pettibr01w,1,0.0,0.0,0.0,0
pettibr01w,2,14.602678571428571,0.0,0.0,0
pettibr01w,3,13.802083333333332,14.602678571428571,0.0,0
pettibr01w,4,8.592026869158879,13.802083333333332,14.602678571428571,0
pettibr01w,7,5.523325062034739,8.592026869158879,13.802083333333332,0
philler01w,7,0.0,0.0,0.0,0
philler01w,9,15.83103448275862,0.0,0.0,0
philler01w,10,13.130357142857143,15.83103448275862,0.0,0
philler01w,11,20.372222222222224,13.130357142857143,15.83103448275862,0
phillpo01w,11,0.0,0.0,0.0,0
phillta01w,1,0.0,0.0,0.0,0
phillta01w,2,30.941297412265158,0.0,0.0,0
phillta01w,3,31.89817073170732,30.941297412265158,0.0,0
phillta01w,4,29.78429121983914,31.89817073170732,30.941297412265158,0
phillta01w,5,29.178601659048585,29.78429121983914,31.89817073170732,0
phillta01w,6,18.16599190283401,29.178601659048585,29.78429121983914,0
phillta01w,7,10.99906914893617,18.16599190283401,29.178601659048585,0
phillta01w,8,9.198534798534798,10.99906914893617,18.16599190283401,0
phillta02w,11,0.0,0.0,0.0,0
phillta02w,11,0.0,0.0,0.0,0
pierspl01w,4,0.0,0.0,0.0,0
pierspl01w,5,13.664098613251156,0.0,0.0,0
pierspl01w,6,20.562361341323474,13.664098613251156,0.0,0
pierspl01w,7,16.173679653679656,20.562361341323474,13.664098613251156,0
pierspl01w,8,16.97908496732026,16.173679653679656,20.562361341323474,0
pierspl01w,9,25.331523378582197,16.97908496732026,16.173679653679656,0
pierspl01w,10,27.201431246655968,25.331523378582197,16.97908496732026,0
pierspl01w,11,5.0,27.201431246655968,25.331523378582197,0
pohleje01w,11,0.0,0.0,0.0,0
pondeca01w,7,0.0,0.0,0.0,0
pondeca01w,8,33.436742424242425,0.0,0.0,0
pondeca01w,9,30.627390552995386,33.436742424242425,0.0,0
pondeca01w,10,34.198859126984125,30.627390552995386,33.436742424242425,0
pondeca01w,11,34.668036922371286,34.198859126984125,30.627390552995386,0
potthan01w,1,0.0,0.0,0.0,0
powelel01w,1,0.0,0.0,0.0,0
powelel01w,2,12.58939393939394,0.0,0.0,0
powelel01w,3,23.53902027027027,12.58939393939394,0.0,0
powelel01w,4,20.578787878787878,23.53902027027027,12.58939393939394,0
powelel01w,5,23.042801404603978,20.578787878787878,23.53902027027027,0
powelel01w,6,18.328115942028987,23.042801404603978,20.578787878787878,0
powelel01w,7,17.03861097620204,18.328115942028987,23.042801404603978,0
powelel01w,8,11.439789473684211,17.03861097620204,18.328115942028987,0
powelel01w,9,8.724074074074075,11.439789473684211,17.03861097620204,0
powelni01w,5,0.0,0.0,0.0,0
powelni01w,6,12.20319914689416,0.0,0.0,0
powelni01w,7,23.397253664872885,12.20319914689416,0.0,0
powelni01w,8,22.50992766038454,23.397253664872885,12.20319914689416,0
powelni01w,9,27.059590792838872,22.50992766038454,23.397253664872885,0
powelni01w,10,24.860681114551078,27.059590792838872,22.50992766038454,0
powelni01w,11,31.144957983193276,24.860681114551078,27.059590792838872,0
pricear01w,8,0.0,0.0,0.0,0
pricear01w,9,24.044827586206893,0.0,0.0,0
pricear01w,10,19.249090357792603,24.044827586206893,0.0,0
pricear01w,11,10.627705627705627,19.249090357792603,24.044827586206893,0
pridely01w,1,0.0,0.0,0.0,0
pridely01w,2,11.19957627118644,0.0,0.0,0
pridely01w,3,17.008045977011495,11.19957627118644,0.0,0
pridely01w,4,14.886835222319093,17.008045977011495,11.19957627118644,0
princep01w,11,0.0,0.0,0.0,0
pringla01w,9,0.0,0.0,0.0,0
pringla01w,10,15.786063218390805,0.0,0.0,0
pringla01w,11,10.35686274509804,15.786063218390805,0.0,0
queenbr01w,7,0.0,0.0,0.0,0
queenbr01w,9,0.0,0.0,0.0,0
quiglal01w,9,0.0,0.0,0.0,0
quiglal01w,10,7.347619047619047,0.0,0.0,0
quiglal01w,11,5.0,7.347619047619047,0.0,0
quinnno01w,8,0.0,0.0,0.0,0
quinnno01w,9,14.860341555977229,0.0,0.0,0
quinnno01w,10,13.211175847457628,14.860341555977229,0.0,0
quinnno01w,11,23.7542912246866,13.211175847457628,14.860341555977229,0
quinnte01w,1,0.0,0.0,0.0,0
radunha01w,2,0.0,0.0,0.0,0
raglafe01w,3,0.0,0.0,0.0,0
raglafe01w,4,12.165806451612903,0.0,0.0,0
raglafe01w,5,4.3,12.165806451612903,0.0,0
raglafe01w,6,11.678431372549019,4.3,12.165806451612903,0
randase01w,2,0.0,0.0,0.0,0
randase01w,3,17.495535714285715,0.0,0.0,0
randase01w,4,15.42274267490532,17.495535714285715,0.0,0
randase01w,5,7.528282828282828,15.42274267490532,17.495535714285715,0
rasmukr01w,1,0.0,0.0,0.0,0
rasmukr01w,2,16.138461538461538,0.0,0.0,0
rasmukr01w,3,10.876079734219267,16.138461538461538,0.0,0
rasmukr01w,4,17.90111234705228,10.876079734219267,16.138461538461538,0
rasmukr01w,5,18.821212121212124,17.90111234705228,10.876079734219267,0
rasmukr01w,6,15.636026936026937,18.821212121212124,17.90111234705228,0
rasmukr01w,7,15.700217864923747,15.636026936026937,18.821212121212124,0
rasmukr01w,8,22.049411764705884,15.700217864923747,15.636026936026937,0
rasmukr01w,9,11.405050505050506,22.049411764705884,15.700217864923747,0
raymost01w,8,0.0,0.0,0.0,0
reddja01w,1,0.0,0.0,0.0,0
reddja01w,2,11.881538461538462,0.0,0.0,0
reddja01w,3,15.121296296296297,11.881538461538462,0.0,0
reedbr01w,1,0.0,0.0,0.0,0
reedbr01w,2,36.984539473684215,0.0,0.0,0
reedbr01w,3,7.85,36.984539473684215,0.0,0
reedch01w,11,0.0,0.0,0.0,0
reidtr01w,1,0.0,0.0,0.0,0
reidtr01w,2,16.243295019157088,0.0,0.0,0
reidtr01w,3,12.16984126984127,16.243295019157088,0.0,0
reidtr01w,4,13.452564102564102,12.16984126984127,16.243295019157088,0
rileyan01w,11,0.0,0.0,0.0,0
rileyru01w,2,0.0,0.0,0.0,0
rileyru01w,3,18.940586419753085,0.0,0.0,0
rileyru01w,4,16.593470483005365,18.940586419753085,0.0,0
rileyru01w,5,25.30776674306086,16.593470483005365,18.940586419753085,0
rileyru01w,6,25.837111987652204,25.30776674306086,16.593470483005365,0
rileyru01w,7,19.554409261150838,25.837111987652204,25.30776674306086,0
rileyru01w,8,21.298786181139125,19.554409261150838,25.837111987652204,0
rileyru01w,9,19.381340206185566,21.298786181139125,19.554409261150838,0
rileyru01w,10,15.981494252873565,19.381340206185566,21.298786181139125,0
rileyru01w,11,18.658108404652186,15.981494252873565,19.381340206185566,0
rizzoje01w,1,0.0,0.0,0.0,0
rizzoje01w,2,9.011931818181818,0.0,0.0,0
rizzoje01w,3,10.958806818181818,9.011931818181818,0.0,0
rizzoje01w,4,18.403846153846153,10.958806818181818,9.011931818181818,0
robinas01w,5,0.0,0.0,0.0,0
robinas01w,6,8.76842105263158,0.0,0.0,0
robinas01w,7,13.34699042407661,8.76842105263158,0.0,0
robinas01w,8,9.095402298850573,13.34699042407661,8.76842105263158,0
robinas01w,9,10.613275613275613,9.095402298850573,13.34699042407661,0
robinas01w,10,7.671740662438336,10.613275613275613,9.095402298850573,0
robinas01w,11,4.1461538461538465,7.671740662438336,10.613275613275613,0
robincr01w,1,0.0,0.0,0.0,0
robincr01w,2,19.63416252072968,0.0,0.0,0
robincr01w,3,24.384866573033708,19.63416252072968,0.0,0
robincr01w,4,25.231560430463574,24.384866573033708,19.63416252072968,0
robincr01w,5,23.583472764454363,25.231560430463574,24.384866573033708,0
robincr01w,6,23.929902713773682,23.583472764454363,25.231560430463574,0
robincr01w,7,17.482142857142858,23.929902713773682,23.583472764454363,0
robincr01w,8,18.892109500805155,17.482142857142858,23.929902713773682,0
robinda01w,11,0.0,0.0,0.0,0
robinre01w,1,0.0,0.0,0.0,0
rolanja01w,1,0.0,0.0,0.0,0
rossad01w,9,0.0,0.0,0.0,0
rushle01w,9,0.0,0.0,0.0,0
salesny01w,1,0.0,0.0,0.0,0
salesny01w,2,27.29176729765013,0.0,0.0,0
salesny01w,3,29.51744722955145,27.29176729765013,0.0,0
salesny01w,4,26.528590425531917,29.51744722955145,27.29176729765013,0
salesny01w,5,29.96882855706385,26.528590425531917,29.51744722955145,0
salesny01w,6,31.188634713144516,29.96882855706385,26.528590425531917,0
salesny01w,7,29.664242128386626,31.188634713144516,29.96882855706385,0
salesny01w,8,27.309520400858986,29.664242128386626,31.188634713144516,0
sampsch01w,1,0.0,0.0,0.0,0
samsh01w,1,0.0,0.0,0.0,0
samsh01w,2,23.881324278438033,0.0,0.0,0
samsh01w,3,27.672796762589925,23.881324278438033,0.0,0
samsh01w,4,30.91903409090909,27.672796762589925,23.881324278438033,0
samsh01w,5,24.609803921568624,30.91903409090909,27.672796762589925,0
samsh01w,6,23.084424192212094,24.609803921568624,30.91903409090909,0
samsh01w,7,22.50503198626931,23.084424192212094,24.609803921568624,0
samsh01w,8,25.32946321385697,22.50503198626931,23.084424192212094,0
samsh01w,9,14.429521016617791,25.32946321385697,22.50503198626931,0
sanchis01w,5,0.0,0.0,0.0,0
sandeam01w,8,0.0,0.0,0.0,0
sanfona01w,4,0.0,0.0,0.0,0
sanfona01w,5,8.923529411764704,0.0,0.0,0
sanfona01w,6,17.670967741935485,8.923529411764704,0.0,0
sanfona01w,7,11.092592592592592,17.670967741935485,8.923529411764704,0
sanfona01w,8,22.26165577342048,11.092592592592592,17.670967741935485,0
sanfona01w,9,24.739959432048686,22.26165577342048,11.092592592592592,0
sanfona01w,10,17.452024830032517,24.739959432048686,22.26165577342048,0
sanfona01w,11,15.942180774748927,17.452024830032517,24.739959432048686,0
sanniol01w,9,0.0,0.0,0.0,0
sanniol01w,10,10.122580645161289,0.0,0.0,0
sanniol01w,11,11.066886109282423,10.122580645161289,0.0,0
santoal01w,1,0.0,0.0,0.0,0
santoal01w,2,10.866666666666667,0.0,0.0,0
santoke01w,2,0.0,0.0,0.0,0
santoke01w,3,10.683333333333334,0.0,0.0,0
santoke01w,9,11.467857142857142,10.683333333333334,0.0,0
sarenra01w,1,0.0,0.0,0.0,0
sauerpa01w,1,0.0,0.0,0.0,0
sauerpa01w,2,9.022619047619047,0.0,0.0,0
sauerpa01w,3,5.533333333333333,9.022619047619047,0.0,0
saundja01w,2,0.0,0.0,0.0,0
saundja01w,3,8.407467532467532,0.0,0.0,0
saureau01w,2,0.0,0.0,0.0,0
saureau01w,3,10.528972972972975,0.0,0.0,0
schumke01w,2,0.0,0.0,0.0,0
schumke01w,3,13.589093701996926,0.0,0.0,0
schumke01w,4,12.259405581732512,13.589093701996926,0.0,0
schumke01w,5,14.875252349460494,12.259405581732512,13.589093701996926,0
schumke01w,6,16.39075255102041,14.875252349460494,12.259405581732512,0
schumke01w,7,11.544075021312874,16.39075255102041,14.875252349460494,0
schumke01w,8,19.62299898682877,11.544075021312874,16.39075255102041,0
schumke01w,9,15.689411764705882,19.62299898682877,11.544075021312874,0
schumke01w,10,9.678571428571427,15.689411764705882,19.62299898682877,0
schwege01w,2,0.0,0.0,0.0,0
schwege01w,3,11.912216828478964,0.0,0.0,0
schwege01w,4,12.884252873563218,11.912216828478964,0.0,0
scottol01w,1,0.0,0.0,0.0,0
scottol01w,2,11.4430176565008,0.0,0.0,0
scottol01w,3,19.53721198156682,11.4430176565008,0.0,0
scottol01w,5,25.038431590656288,19.53721198156682,11.4430176565008,0
scottol01w,6,8.353380158033364,25.038431590656288,19.53721198156682,0
scottol01w,7,6.761965811965812,8.353380158033364,25.038431590656288,0
scottol01w,8,8.868194070080863,6.761965811965812,8.353380158033364,0
scottol01w,9,4.0285714285714285,8.868194070080863,6.761965811965812,0
shakiel01w,1,0.0,0.0,0.0,0
shakiel01w,2,11.847619047619048,0.0,0.0,0
shakiel01w,3,6.907894736842105,11.847619047619048,0.0,0
sharpkb01w,4,0.0,0.0,0.0,0
sharpkb01w,5,9.873661971830986,0.0,0.0,0
sharpkb01w,7,5.2224324324324325,9.873661971830986,0.0,0
sharpkb01w,8,5.429192546583851,5.2224324324324325,9.873661971830986,0
sharpkb01w,9,10.238417222559127,5.429192546583851,5.2224324324324325,0
sharpkb01w,10,10.612745098039216,10.238417222559127,5.429192546583851,0
shielas01w,8,0.0,0.0,0.0,0
shielas01w,9,8.545930880713488,0.0,0.0,0
slaisma01w,1,0.0,0.0,0.0,0
slauggw01w,5,0.0,0.0,0.0,0
slavtge01w,4,0.0,0.0,0.0,0
smithai01w,4,0.0,0.0,0.0,0
smithai01w,5,9.739247311827956,0.0,0.0,0
smithbr01w,9,0.0,0.0,0.0,0
smithbr01w,10,14.884285714285712,0.0,0.0,0
smithch02w,1,0.0,0.0,0.0,0
smithch02w,2,15.145345911949683,0.0,0.0,0
smithch02w,3,15.877442922374428,15.145345911949683,0.0,0
smithch02w,4,18.4022240990991,15.877442922374428,15.145345911949683,0
smithch02w,5,9.829931972789115,18.4022240990991,15.877442922374428,0
smithch02w,6,18.829354654483154,9.829931972789115,18.4022240990991,0
smithch02w,7,19.346594427244582,18.829354654483154,9.829931972789115,0
smithch03w,1,0.0,0.0,0.0,0
smithch03w,2,8.416517857142857,0.0,0.0,0
smithch03w,4,8.432787698412698,8.416517857142857,0.0,0
smithcr01w,7,0.0,0.0,0.0,0
smithcr01w,8,10.311563367252543,0.0,0.0,0
smithcr01w,9,16.478062678062678,10.311563367252543,0.0,0
smithje01w,6,0.0,0.0,0.0,0
smithka01w,1,0.0,0.0,0.0,0
smithka01w,2,31.917868257261407,0.0,0.0,0
smithka01w,3,31.91188583815029,31.917868257261407,0.0,0
smithka01w,4,26.972158313892688,31.91188583815029,31.917868257261407,0
smithka01w,5,30.000840336134452,26.972158313892688,31.91188583815029,0
smithka01w,6,29.951654361498495,30.000840336134452,26.972158313892688,0
smithka01w,7,20.9737922705314,29.951654361498495,30.000840336134452,0
smithka01w,8,22.58461238800156,20.9737922705314,29.951654361498495,0
smithka01w,9,27.240927920463957,22.58461238800156,20.9737922705314,0
smithka01w,10,26.191032998565277,27.240927920463957,22.58461238800156,0
smithka01w,11,22.931519274376413,26.191032998565277,27.240927920463957,0
smithki01w,7,0.0,0.0,0.0,0
smithki01w,8,7.649462365591398,0.0,0.0,0
smithki01w,9,0.0,7.649462365591398,0.0,0
smithla01w,1,0.0,0.0,0.0,0
smithta01w,1,0.0,0.0,0.0,0
smithta01w,2,28.622060309973048,0.0,0.0,0
smithta01w,3,26.526420454545452,28.622060309973048,0.0,0
smithta01w,4,29.529885057471265,26.526420454545452,28.622060309973048,0
smithta01w,5,28.326339716214353,29.529885057471265,26.526420454545452,0
smithta01w,6,24.07353674636937,28.326339716214353,29.529885057471265,0
smithta01w,7,27.588968538430905,24.07353674636937,28.326339716214353,0
smithta01w,8,27.06097900152969,27.588968538430905,24.07353674636937,0
smithta01w,9,29.958867757629363,27.06097900152969,27.588968538430905,0
smithta01w,10,27.780932330827063,29.958867757629363,27.06097900152969,0
smithta01w,11,26.215402476780188,27.780932330827063,29.958867757629363,0
smithty01w,8,0.0,0.0,0.0,0
smithwa01w,9,0.0,0.0,0.0,0
snellbe01w,6,0.0,0.0,0.0,0
snellbe01w,7,10.264545454545454,0.0,0.0,0
snellbe01w,8,10.29888888888889,10.264545454545454,0.0,0
snellbe01w,10,12.163899371069185,10.29888888888889,10.264545454545454,0
snellbe01w,11,15.201648351648348,12.163899371069185,10.29888888888889,0
snowmi01w,3,0.0,0.0,0.0,0
snowmi01w,4,15.040624999999999,0.0,0.0,0
snowmi01w,5,28.086119507091368,15.040624999999999,0.0,0
snowmi01w,6,24.583420200028172,28.086119507091368,15.040624999999999,0
snowmi01w,7,27.68906455862978,24.583420200028172,28.086119507091368,0
snowmi01w,8,29.638521827068935,27.68906455862978,24.583420200028172,0
snowmi01w,9,24.179577464788736,29.638521827068935,27.68906455862978,0
snowmi01w,10,24.83823529411765,24.179577464788736,29.638521827068935,0
snowmi01w,11,16.123949579831933,24.83823529411765,24.179577464788736,0
spencsi01w,8,0.0,0.0,0.0,0
spencsi01w,9,21.245098039215687,0.0,0.0,0
spencsi01w,10,12.531182795698925,21.245098039215687,0.0,0
spencsi01w,11,8.987878787878788,12.531182795698925,21.245098039215687,0
spencsi01w,11,0.0,8.987878787878788,12.531182795698925,0
spornra01w,2,0.0,0.0,0.0,0
stafftr01w,2,0.0,0.0,0.0,0
stafftr01w,3,11.245911949685533,0.0,0.0,0
staleda01w,1,0.0,0.0,0.0,0
staleda01w,2,22.165415019762847,0.0,0.0,0
staleda01w,3,22.860954181494662,22.165415019762847,0.0,0
staleda01w,4,21.611363636363638,22.860954181494662,22.165415019762847,0
staleda01w,5,21.77254901960784,21.611363636363638,22.860954181494662,0
staleda01w,6,22.341296030607364,21.77254901960784,21.611363636363638,0
staleda01w,7,18.765294453973702,22.341296030607364,21.77254901960784,0
stansti01w,7,0.0,0.0,0.0,0
stansti01w,8,8.85,0.0,0.0,0
starbka01w,1,0.0,0.0,0.0,0
starbka01w,2,10.63315406516925,0.0,0.0,0
starbka01w,3,11.227272727272727,10.63315406516925,0.0,0
starbka01w,5,11.58532608695652,11.227272727272727,10.63315406516925,0
stedika01w,1,0.0,0.0,0.0,0
stedika01w,2,9.920508166969146,0.0,0.0,0
stepama01w,1,0.0,0.0,0.0,0
stepama01w,2,11.95111111111111,0.0,0.0,0
stepama01w,6,29.874046985815603,11.95111111111111,0.0,0
stephst01w,5,0.0,0.0,0.0,0
stevema01w,5,0.0,0.0,0.0,0
stevema01w,6,6.488505747126437,0.0,0.0,0
stevema01w,7,5.675,6.488505747126437,0.0,0
stileja01w,2,0.0,0.0,0.0,0
stileja01w,3,22.64257305194805,0.0,0.0,0
stinsan01w,1,0.0,0.0,0.0,0
stinsan01w,2,34.268905237580995,0.0,0.0,0
stinsan01w,3,29.006587837837838,34.268905237580995,0.0,0
stinsan01w,4,29.083998925501433,29.006587837837838,34.268905237580995,0
stinsan01w,5,25.00590984057174,29.083998925501433,29.006587837837838,0
stinsan01w,6,16.850831536803206,25.00590984057174,29.083998925501433,0
stiresh01w,1,0.0,0.0,0.0,0
stiresh01w,2,6.973234811165845,0.0,0.0,0
stiresh01w,3,9.240251572327043,6.973234811165845,0.0,0
stockta01w,2,0.0,0.0,0.0,0
streiju01w,1,0.0,0.0,0.0,0
streiju01w,2,15.124216524216527,0.0,0.0,0
streiju01w,6,24.62705314009662,15.124216524216527,0.0,0
strotan01w,7,0.0,0.0,0.0,0
strotan01w,8,8.285714285714285,0.0,0.0,0
strotan01w,9,6.5008064516129025,8.285714285714285,0.0,0
summela01w,6,0.0,0.0,0.0,0
summela01w,7,5.5606060606060606,0.0,0.0,0
sun-mju01w,4,0.0,0.0,0.0,0
suttota01w,2,0.0,0.0,0.0,0
suttota01w,3,19.666924700914848,0.0,0.0,0
suttota01w,4,27.018016975308644,19.666924700914848,0.0,0
suttota01w,5,21.520714466043927,27.018016975308644,19.666924700914848,0
suttota01w,6,25.135084033613445,21.520714466043927,27.018016975308644,0
suttota01w,7,22.144684295736646,25.135084033613445,21.520714466043927,0
suttota01w,8,25.61603305785124,22.144684295736646,25.135084033613445,0
suttota01w,9,25.55342019543974,25.61603305785124,22.144684295736646,0
suttota01w,10,26.16324840096467,25.55342019543974,25.61603305785124,0
suttota01w,11,23.80871459694989,26.16324840096467,25.55342019543974,0
swanike01w,9,0.0,0.0,0.0,0
swanike01w,10,7.517957446808511,0.0,0.0,0
swanike01w,11,9.707575757575757,7.517957446808511,0.0,0
swoopsh01w,1,0.0,0.0,0.0,0
swoopsh01w,3,44.3684350839776,0.0,0.0,0
swoopsh01w,4,38.0324717583497,44.3684350839776,0.0,0
swoopsh01w,5,35.45483870967742,38.0324717583497,44.3684350839776,0
swoopsh01w,6,31.125565832017443,35.45483870967742,38.0324717583497,1
swoopsh01w,7,37.01956603067715,31.125565832017443,35.45483870967742,0
swoopsh01w,8,34.32521456052086,37.01956603067715,31.125565832017443,0
swoopsh01w,9,23.233333333333334,34.32521456052086,37.01956603067715,0
swoopsh01w,11,22.223491379310346,23.233333333333334,34.32521456052086,0
swordca01w,11,0.0,0.0,0.0,0
tateso01w,1,0.0,0.0,0.0,0
tauradi01w,5,0.0,0.0,0.0,0
tauradi01w,6,32.208010758975554,0.0,0.0,0
tauradi01w,7,30.268057625434672,32.208010758975554,0.0,0
tauradi01w,8,40.89456327985739,30.268057625434672,32.208010758975554,0
tauradi01w,9,36.136084401709404,40.89456327985739,30.268057625434672,0
tauradi01w,10,41.864782078634555,36.136084401709404,40.89456327985739,0
tauradi01w,11,38.09539170506913,41.864782078634555,36.136084401709404,0
tayloli01w,5,0.0,0.0,0.0,0
taylope01w,2,0.0,0.0,0.0,0
taylope01w,3,18.865972222222222,0.0,0.0,0
taylope01w,4,27.476249999999997,18.865972222222222,0.0,0
taylope01w,5,25.0764705882353,27.476249999999997,18.865972222222222,0
taylope01w,6,28.202346041055716,25.0764705882353,27.476249999999997,0
taylope01w,7,27.015325670498083,28.202346041055716,25.0764705882353,0
taylope01w,8,31.259545454545453,27.015325670498083,28.202346041055716,0
taylope01w,10,35.922699659208774,31.259545454545453,27.015325670498083,0
taylope01w,11,21.615343915343917,35.922699659208774,31.259545454545453,0
teaslni01w,3,0.0,0.0,0.0,0
teaslni01w,4,18.779894578313254,0.0,0.0,1
teaslni01w,5,29.006535947712422,18.779894578313254,0.0,0
teaslni01w,6,25.14077443927211,29.006535947712422,18.779894578313254,0
teaslni01w,7,18.733333333333334,25.14077443927211,29.006535947712422,0
teaslni01w,8,25.63128005919349,18.733333333333334,25.14077443927211,0
teaslni01w,10,14.873444976076552,25.63128005919349,18.733333333333334,0
teilaza01w,7,0.0,0.0,0.0,0
terryka01w,7,0.0,0.0,0.0,0
terryka01w,8,8.769473684210526,0.0,0.0,0
terryka01w,9,4.422222222222222,8.769473684210526,0.0,0
thomaca01w,8,0.0,0.0,0.0,0
thomach01w,5,0.0,0.0,0.0,0
thomach01w,6,16.599255583126553,0.0,0.0,0
thomach01w,7,14.165625,16.599255583126553,0.0,0
thomach01w,8,18.909440267335007,14.165625,16.599255583126553,0
thomach01w,9,20.12777364110201,18.909440267335007,14.165625,0
thomach01w,10,8.129411764705882,20.12777364110201,18.909440267335007,0
thomaja01w,11,0.0,0.0,0.0,0
thomakr01w,11,0.0,0.0,0.0,0
thomakr01w,11,0.0,0.0,0.0,0
thomala01w,4,0.0,0.0,0.0,0
thomala01w,5,24.106503378378378,0.0,0.0,0
thomala01w,6,25.96958525345622,24.106503378378378,0.0,0
thomala01w,7,17.17142857142857,25.96958525345622,24.106503378378378,0
thomala01w,8,19.800339558573853,17.17142857142857,25.96958525345622,0
thomala01w,9,15.988250319284802,19.800339558573853,17.17142857142857,0
thomast01w,1,0.0,0.0,0.0,0
thomast01w,2,19.861407208588957,0.0,0.0,0
thomast01w,3,10.994791666666666,19.861407208588957,0.0,0
thomast01w,4,17.017820945945946,10.994791666666666,19.861407208588957,0
thomast01w,5,9.26247311827957,17.017820945945946,10.994791666666666,0
thomast01w,6,0.0,9.26247311827957,17.017820945945946,0
thompal01w,1,0.0,0.0,0.0,0
thompal01w,2,22.359835547122074,0.0,0.0,0
thompal01w,3,17.826907001044933,22.359835547122074,0.0,0
thompal01w,5,12.32242609582059,17.826907001044933,22.359835547122074,0
thompal01w,6,8.718357487922706,12.32242609582059,17.826907001044933,0
thompti01w,1,0.0,0.0,0.0,1
thompti01w,2,33.724124692874696,0.0,0.0,0
thompti01w,3,33.855606060606064,33.724124692874696,0.0,0
thompti01w,4,30.844759972954698,33.855606060606064,33.724124692874696,0
thompti01w,5,29.220741113346747,30.844759972954698,33.855606060606064,0
thompti01w,6,32.95631868131868,29.220741113346747,30.844759972954698,0
thompti01w,7,19.69333333333333,32.95631868131868,29.220741113346747,0
thompti01w,8,32.48189223057645,19.69333333333333,32.95631868131868,0
thompti01w,9,32.54907902554961,32.48189223057645,19.69333333333333,0
thompti01w,10,30.87614035087719,32.54907902554961,32.48189223057645,0
thompti01w,11,25.459865971705135,30.87614035087719,32.54907902554961,0
thorbsh01w,7,0.0,0.0,0.0,0
thorbsh01w,8,4.31094276094276,0.0,0.0,0
thorner01w,4,0.0,0.0,0.0,0
thorner01w,5,6.103933747412009,0.0,0.0,0
thorner01w,6,5.701960784313725,6.103933747412009,0.0,0
thorner01w,7,8.188888888888888,5.701960784313725,6.103933747412009,0
thorner01w,8,13.022222222222222,8.188888888888888,5.701960784313725,0
thorner01w,9,20.655242786769882,13.022222222222222,8.188888888888888,0
thorner01w,10,8.52122641509434,20.655242786769882,13.022222222222222,0
thorner01w,11,14.591176470588234,8.52122641509434,20.655242786769882,0
threaro01w,1,0.0,0.0,0.0,0
tilliic01w,5,0.0,0.0,0.0,0
tilliic01w,7,9.449084568439407,0.0,0.0,0
tilliic01w,8,10.095505617977528,9.449084568439407,0.0,0
timmsmi01w,1,0.0,0.0,0.0,0
timmsmi01w,2,14.816666666666666,0.0,0.0,0
tolivkr01w,10,0.0,0.0,0.0,0
tolivkr01w,11,14.672746331236894,0.0,0.0,0
torniel01w,1,0.0,0.0,0.0,0
torniel01w,2,22.624740663900415,0.0,0.0,0
torrele01w,2,0.0,0.0,0.0,0
traviti01w,1,0.0,0.0,0.0,0
tremich01w,1,0.0,0.0,0.0,0
turneba01w,7,0.0,0.0,0.0,0
turneba01w,8,14.70658527561968,0.0,0.0,0
turneba01w,9,11.409595959595958,14.70658527561968,0.0,0
turneba01w,10,17.831372549019605,11.409595959595958,14.70658527561968,0
tuvicsl01w,2,0.0,0.0,0.0,0
tuvicsl01w,3,9.13190476190476,0.0,0.0,0
tuvicsl01w,4,10.09225774225774,9.13190476190476,0.0,0
tuvicsl01w,5,16.902839756592293,10.09225774225774,9.13190476190476,0
udokamf01w,4,0.0,0.0,0.0,0
udokamf01w,5,9.848,0.0,0.0,0
ujhelpe01w,4,0.0,0.0,0.0,0
umoh-it01w,4,0.0,0.0,0.0,0
valdeam01w,1,0.0,0.0,0.0,0
vandeco01w,11,0.0,0.0,0.0,0
vangomi01w,1,0.0,0.0,0.0,0
vangomi01w,2,7.996428571428572,0.0,0.0,0
vangomi01w,3,7.604545454545454,7.996428571428572,0.0,0
vangomi01w,4,13.546464646464647,7.604545454545454,7.996428571428572,0
vangomi01w,5,13.575826363998408,13.546464646464647,7.604545454545454,0
vaughki01w,10,0.0,0.0,0.0,0
vaughki01w,11,12.008903020667727,0.0,0.0,0
vaughkr01w,9,0.0,0.0,0.0,0
vealkr01w,2,0.0,0.0,0.0,0
vealkr01w,3,13.782758620689656,0.0,0.0,0
vilipda01w,7,0.0,0.0,0.0,0
vodicka01w,1,0.0,0.0,0.0,0
vodicka01w,2,16.950521230612765,0.0,0.0,0
vodicka01w,3,13.27343131712832,16.950521230612765,0.0,0
vodicka01w,4,23.737436224489798,13.27343131712832,16.950521230612765,0
vodicka01w,5,22.5310697518444,23.737436224489798,13.27343131712832,0
vodicka01w,6,19.521003173053458,22.5310697518444,23.737436224489798,0
vodicka01w,7,28.03806281267371,19.521003173053458,22.5310697518444,0
vodopna01w,6,0.0,0.0,0.0,0
walkeas01w,10,0.0,0.0,0.0,0
walkeay01w,3,0.0,0.0,0.0,0
walkeay01w,4,15.494330089820359,0.0,0.0,0
walkeay01w,5,8.434453781512605,15.494330089820359,0.0,0
walkeay01w,6,6.1460317460317455,8.434453781512605,15.494330089820359,0
walkeay01w,7,13.193277310924369,6.1460317460317455,8.434453781512605,0
walkeay01w,8,9.782594594594595,13.193277310924369,6.1460317460317455,0
walkede01w,1,0.0,0.0,0.0,0
walkede01w,2,9.707272727272727,0.0,0.0,0
walkede01w,3,12.619047619047619,9.707272727272727,0.0,0
walkede01w,4,23.046431381364506,12.619047619047619,9.707272727272727,0
walkede01w,5,20.448541565386485,23.046431381364506,12.619047619047619,0
walkede01w,6,19.35142101784534,20.448541565386485,23.046431381364506,0
walkede01w,7,27.86006216006216,19.35142101784534,20.448541565386485,0
walkede01w,8,19.947249579630075,27.86006216006216,19.35142101784534,0
walkede01w,9,17.64761904761905,19.947249579630075,27.86006216006216,0
walkede01w,10,6.645454545454545,17.64761904761905,19.947249579630075,0
walkede01w,11,19.63941176470588,6.645454545454545,17.64761904761905,0
walkede01w,11,0.0,19.63941176470588,6.645454545454545,0
walkema01w,9,0.0,0.0,0.0,0
walsema01w,2,0.0,0.0,0.0,0
walsema01w,3,5.6,0.0,0.0,0
washico01w,1,0.0,0.0,0.0,0
washico01w,2,8.108363636363636,0.0,0.0,0
washico01w,3,22.453072033898305,8.108363636363636,0.0,0
washico01w,4,14.686458333333334,22.453072033898305,8.108363636363636,0
washito01w,1,0.0,0.0,0.0,0
washito01w,2,5.3007259528130675,0.0,0.0,0
washito01w,3,8.783157894736842,5.3007259528130675,0.0,0
washito01w,4,8.139813953488373,8.783157894736842,5.3007259528130675,0
wautean01w,1,0.0,0.0,0.0,0
wautean01w,2,17.55677432885906,0.0,0.0,0
wautean01w,3,22.365441176470583,17.55677432885906,0.0,0
wautean01w,5,23.83352534562212,22.365441176470583,17.55677432885906,0
wautean01w,6,15.740093240093241,23.83352534562212,22.365441176470583,0
wautean01w,9,27.6729006656426,15.740093240093241,23.83352534562212,0
wautean01w,10,33.00911885245902,27.6729006656426,15.740093240093241,0
weathte01w,1,0.0,0.0,0.0,0
weathte01w,2,25.51345996732026,0.0,0.0,0
weathte01w,3,25.064502245508983,25.51345996732026,0.0,0
weathte01w,4,17.75542763157895,25.064502245508983,25.51345996732026,0
weathte01w,5,15.851225490196079,17.75542763157895,25.064502245508983,0
webbum01w,1,0.0,0.0,0.0,0
weberma01w,8,0.0,0.0,0.0,0
weckeke01w,6,0.0,0.0,0.0,0
weckeke01w,7,11.333333333333332,0.0,0.0,0
weckeke01w,8,13.395849367784495,11.333333333333332,0.0,0
weckeke01w,9,5.614285714285714,13.395849367784495,11.333333333333332,0
whaleli01w,5,0.0,0.0,0.0,0
whaleli01w,6,21.761325577295963,0.0,0.0,0
whaleli01w,7,27.437525354969576,21.761325577295963,0.0,0
whaleli01w,8,22.678653794582996,27.437525354969576,21.761325577295963,0
whaleli01w,9,33.417037625861155,22.678653794582996,27.437525354969576,0
whaleli01w,10,34.08526249209361,33.417037625861155,22.678653794582996,0
whaleli01w,11,29.3928981348637,34.08526249209361,33.417037625861155,0
whitede01w,5,0.0,0.0,0.0,0
whitede01w,6,12.186337760910813,0.0,0.0,0
whiteer01w,9,0.0,0.0,0.0,0
whiteer01w,10,9.514438502673796,0.0,0.0,0
whiteta01w,6,0.0,0.0,0.0,0
whiteta01w,7,13.614103751736916,0.0,0.0,0
whiteta01w,8,17.699458204334366,13.614103751736916,0.0,0
whiteta01w,9,18.672459893048128,17.699458204334366,13.614103751736916,0
whiteta01w,10,20.516083916083918,18.672459893048128,17.699458204334366,0
whiteta01w,11,21.640458839406207,20.516083916083918,18.672459893048128,0
whitiva01w,2,0.0,0.0,0.0,0
whitiva01w,3,10.997435897435896,0.0,0.0,0
whitmta01w,1,0.0,0.0,0.0,0
whitmta01w,2,17.183300395256918,0.0,0.0,0
whitmta01w,3,16.071199324324326,17.183300395256918,0.0,0
whitmta01w,4,25.983568548387098,16.071199324324326,17.183300395256918,0
whitmta01w,5,19.39090909090909,25.983568548387098,16.071199324324326,0
whitmta01w,6,14.47145528731724,19.39090909090909,25.983568548387098,0
whitmta01w,7,21.239622641509435,14.47145528731724,19.39090909090909,0
whitmta01w,8,27.854124408384045,21.239622641509435,14.47145528731724,0
whitmta01w,9,20.752194907813873,27.854124408384045,21.239622641509435,0
whitmta01w,10,22.984573829531815,20.752194907813873,27.854124408384045,0
whittje01w,2,0.0,0.0,0.0,0
whittkh01w,9,0.0,0.0,0.0,0
whittkh01w,10,9.218181818181819,0.0,0.0,0
wickssu01w,1,0.0,0.0,0.0,0
wickssu01w,2,17.043028846153845,0.0,0.0,0
wickssu01w,3,20.02897435897436,17.043028846153845,0.0,0
widemja01w,1,0.0,0.0,0.0,0
wiggica01w,9,0.0,0.0,0.0,0
wiggica01w,10,30.209411764705884,0.0,0.0,0
wiggica01w,11,23.544117647058822,30.209411764705884,0.0,0
wilkibr01w,7,0.0,0.0,0.0,0
wilkibr01w,9,5.160714285714286,0.0,0.0,0
williad01w,1,0.0,0.0,0.0,0
williad01w,2,10.427777777777777,0.0,0.0,0
williad01w,3,10.942831858407079,10.427777777777777,0.0,0
williad01w,4,23.190181213017752,10.942831858407079,10.427777777777777,0
williad01w,5,25.955329311211667,23.190181213017752,10.942831858407079,0
williad01w,7,12.273913043478261,25.955329311211667,23.190181213017752,0
williad01w,8,17.002611940298507,12.273913043478261,25.955329311211667,0
williad01w,9,16.495662175484718,17.002611940298507,12.273913043478261,0
willian01w,6,0.0,0.0,0.0,0
willian01w,7,8.31875,0.0,0.0,0
willibe01w,1,0.0,0.0,0.0,0
willile01w,5,0.0,0.0,0.0,0
willile01w,6,12.146224256292905,0.0,0.0,0
willile01w,7,5.6120915032679735,12.146224256292905,0.0,0
willile01w,8,9.527325959661681,5.6120915032679735,12.146224256292905,0
willile01w,9,9.735439560439561,9.527325959661681,5.6120915032679735,0
willile01w,10,23.840838958534235,9.735439560439561,9.527325959661681,0
willile01w,11,21.68921568627451,23.840838958534235,9.735439560439561,0
willile02w,3,0.0,0.0,0.0,0
willili01w,7,0.0,0.0,0.0,0
willili01w,8,13.079487179487181,0.0,0.0,0
willili01w,9,8.360956790123456,13.079487179487181,0.0,0
willili01w,10,13.526050420168065,8.360956790123456,13.079487179487181,0
willina01w,1,0.0,0.0,0.0,0
willina01w,2,39.58341993386868,0.0,0.0,0
willina01w,3,33.74164895091968,39.58341993386868,0.0,0
willina01w,4,27.447651386530843,33.74164895091968,39.58341993386868,0
willina01w,5,30.230837789661315,27.447651386530843,33.74164895091968,0
willina01w,6,26.89219032322827,30.230837789661315,27.447651386530843,0
williri01w,1,0.0,0.0,0.0,0
williri01w,2,26.384466240875913,0.0,0.0,0
williri01w,3,26.231164675767918,26.384466240875913,0.0,0
williri01w,4,12.93094000944733,26.231164675767918,26.384466240875913,0
willish01w,4,0.0,0.0,0.0,0
willita01w,1,0.0,0.0,0.0,0
willito01w,5,0.0,0.0,0.0,0
williwe01w,2,0.0,0.0,0.0,0
wilsoam01w,1,0.0,0.0,0.0,0
wirthch01w,10,0.0,0.0,0.0,0
wisdoli01w,10,0.0,0.0,0.0,0
wisdoli01w,11,8.907405313736575,0.0,0.0,0
witheso01w,1,0.0,0.0,0.0,0
witheso01w,2,26.337719298245613,0.0,0.0,0
witheso01w,3,19.44029554874752,26.337719298245613,0.0,0
witheso01w,4,11.839639147074905,19.44029554874752,26.337719298245613,0
wolteka01w,1,0.0,0.0,0.0,0
wolteka01w,2,25.389931573802535,0.0,0.0,0
wolteka01w,3,13.13052479537795,25.389931573802535,0.0,0
wolvean01w,2,0.0,0.0,0.0,0
wrighmo01w,11,0.0,0.0,0.0,0
wrighsh01w,5,0.0,0.0,0.0,0
wrighsh01w,6,6.5285714285714285,0.0,0.0,0
wrighta01w,6,0.0,0.0,0.0,0
wrighta01w,7,11.97264150943396,0.0,0.0,0
wrighta01w,8,9.302139037433156,11.97264150943396,0.0,0
wrighta01w,9,12.267647058823528,9.302139037433156,11.97264150943396,0
wrighta01w,10,18.619999999999997,12.267647058823528,9.302139037433156,0
wrighta01w,11,26.99023569023569,18.619999999999997,12.267647058823528,0
wyckobr01w,2,0.0,0.0,0.0,0
wyckobr01w,3,13.214375,0.0,0.0,0
wyckobr01w,4,11.700657894736842,13.214375,0.0,0
wyckobr01w,6,16.893827671913833,11.700657894736842,13.214375,0
wyckobr01w,7,11.991978609625669,16.893827671913833,11.700657894736842,0
wyckobr01w,8,14.524242424242424,11.991978609625669,16.893827671913833,0
wyckobr01w,9,13.767647058823528,14.524242424242424,11.991978609625669,0
wyckobr01w,10,10.859951651893633,13.767647058823528,14.524242424242424,0
wynneda01w,2,0.0,0.0,0.0,0
yamasli01w,3,0.0,0.0,0.0,0
yamasli01w,4,9.585271317829458,0.0,0.0,0
yilmane01w,4,0.0,0.0,0.0,0
yilmane01w,5,7.186666666666666,0.0,0.0,0
youngca01w,2,0.0,0.0,0.0,0
youngca01w,3,10.880851998243303,0.0,0.0,0
youngso01w,7,0.0,0.0,0.0,0
youngso01w,8,30.585691573926866,0.0,0.0,0
youngso01w,9,32.35557359307359,30.585691573926866,0.0,0
youngso01w,10,34.801812583105885,32.35557359307359,30.585691573926866,0
youngso01w,11,34.210235131396956,34.801812583105885,32.35557359307359,0
youngta01w,9,0.0,0.0,0.0,0
youngta01w,10,17.28181818181818,0.0,0.0,0
youngta01w,11,11.034181343770385,17.28181818181818,0.0,0
zakalok01w,1,0.0,0.0,0.0,0
zakalok01w,3,11.73591423466349,0.0,0.0,0
zarafr01w,6,0.0,0.0,0.0,0
zellosh01w,10,0.0,0.0,0.0,0
zellosh01w,11,21.243652208358093,0.0,0.0,0
zirkozu01w,4,0.0,0.0,0.0,0
zollsh01w,9,0.0,0.0,0.0,0
