playerID,year,defense_score_prev_1yr,defense_score_prev_2yr,defense_score_prev_3yr,defensive
abrossv01w,2,0.0,0.0,0.0,0
abrossv01w,3,10.876923076923077,0.0,0.0,0
abrossv01w,4,9.192592592592591,10.876923076923077,0.0,0
abrossv01w,5,8.139999999999999,9.192592592592591,10.876923076923077,0
abrossv01w,6,6.3999999999999995,8.139999999999999,9.192592592592591,0
abrossv01w,7,6.400000000000001,6.3999999999999995,8.139999999999999,0
abrossv01w,8,4.858823529411763,6.400000000000001,6.3999999999999995,0
abrossv01w,9,6.882352941176469,4.858823529411763,6.400000000000001,0
adairje01w,11,0.0,0.0,0.0,0
adamsda01w,11,0.0,0.0,0.0,0
adamsjo01w,4,0.0,0.0,0.0,0
aguilel01w,3,0.0,0.0,0.0,0
ajavoma01w,9,0.0,0.0,0.0,0
ajavoma01w,10,2.7058823529411766,0.0,0.0,0
ajavoma01w,11,3.288235294117647,2.7058823529411766,0.0,0
aldrima01w,1,0.0,0.0,0.0,0
aldrima01w,2,1.16551724137931,0.0,0.0,0
alhalta01w,2,0.0,0.0,0.0,0
allench01w,9,0.0,0.0,0.0,0
amachma01w,2,0.0,0.0,0.0,0
amachma01w,4,0.6000000000000001,0.0,0.0,0
amachma01w,6,4.685714285714285,0.6000000000000001,0.0,0
ambermo01w,3,0.0,0.0,0.0,0
anderam01w,7,0.0,0.0,0.0,0
anderch01w,4,0.0,0.0,0.0,0
anderch01w,5,0.7999999999999998,0.0,0.0,0
anderch01w,6,0.5266666666666666,0.7999999999999998,0.0,0
anderch01w,7,1.6470588235294117,0.5266666666666666,0.7999999999999998,0
anderch01w,8,3.0434782608695654,1.6470588235294117,0.5266666666666666,0
anderjo01w,9,0.0,0.0,0.0,0
anderke01w,1,0.0,0.0,0.0,0
anderke01w,2,2.7733333333333334,0.0,0.0,0
anderke01w,3,1.5555555555555556,2.7733333333333334,0.0,0
andrame01w,1,0.0,0.0,0.0,0
andrame01w,2,5.1875,0.0,0.0,0
andrame01w,3,6.262499999999999,5.1875,0.0,0
andrame01w,5,2.6312499999999996,6.262499999999999,5.1875,0
anosini01w,9,0.0,0.0,0.0,0
anosini01w,10,13.623529411764704,0.0,0.0,0
anosini01w,11,15.91333333333333,13.623529411764704,0.0,0
appelja01w,11,0.0,0.0,0.0,0
arcaija01w,1,0.0,0.0,0.0,0
arcaija01w,2,6.524999999999999,0.0,0.0,0
arcaija01w,3,8.35,6.524999999999999,0.0,0
arcaija01w,4,8.35,8.35,6.524999999999999,0
arcaija01w,6,6.594117647058823,8.35,8.35,0
askamma01w,1,0.0,0.0,0.0,0
askamma01w,2,8.6,0.0,0.0,0
askamma01w,3,3.3466666666666662,8.6,0.0,0
atkinla01w,7,0.0,0.0,0.0,0
atkinla01w,8,3.7636363636363637,0.0,0.0,0
atkinla01w,9,2.778571428571429,3.7636363636363637,0.0,0
atkinla01w,10,6.16,2.778571428571429,3.7636363636363637,0
atunrmo01w,9,0.0,0.0,0.0,0
augusse01w,7,0.0,0.0,0.0,0
augusse01w,8,5.723529411764706,0.0,0.0,0
augusse01w,9,7.947058823529411,5.723529411764706,0.0,0
augusse01w,10,7.032258064516128,7.947058823529411,5.723529411764706,0
augusse01w,11,11.166666666666666,7.032258064516128,7.947058823529411,0
aycocan01w,1,0.0,0.0,0.0,0
ayimmi01w,11,0.0,0.0,0.0,0
azizle01w,4,0.0,0.0,0.0,0
azzije01w,1,0.0,0.0,0.0,0
azzije01w,2,3.48,0.0,0.0,0
azzije01w,3,3.58125,3.48,0.0,0
azzije01w,4,2.8062500000000004,3.58125,3.48,0
badertr01w,1,0.0,0.0,0.0,0
badertr01w,2,2.008,0.0,0.0,0
badertr01w,3,1.1789473684210525,2.008,0.0,0
bakersh01w,7,0.0,0.0,0.0,0
bakersh01w,8,4.123529411764705,0.0,0.0,0
bakersh01w,9,5.0740740740740735,4.123529411764705,0.0,0
bakersh01w,10,3.1076923076923078,5.0740740740740735,4.123529411764705,0
balesal01w,8,0.0,0.0,0.0,0
balesal01w,9,4.588235294117648,0.0,0.0,0
balesal01w,11,7.735483870967742,4.588235294117648,0.0,0
banchrh01w,1,0.0,0.0,0.0,0
baranel01w,2,0.0,0.0,0.0,0
baranel01w,4,11.2875,0.0,0.0,0
baranel01w,5,10.369696969696967,11.2875,0.0,0
baranel01w,6,12.770588235294117,10.369696969696967,11.2875,0
barksla01w,2,0.0,0.0,0.0,0
barksla01w,3,2.0399999999999996,0.0,0.0,0
barksla01w,4,3.235294117647059,2.0399999999999996,0.0,0
barnead01w,1,0.0,0.0,0.0,0
barnead01w,2,0.07999999999999996,0.0,0.0,0
barnead01w,3,0.39999999999999997,0.07999999999999996,0.0,0
barnead01w,4,6.6307692307692285,0.39999999999999997,0.07999999999999996,0
barnead01w,5,5.5625,6.6307692307692285,0.39999999999999997,0
barnequ01w,1,0.0,0.0,0.0,0
barnequ01w,2,3.8967741935483864,0.0,0.0,0
barnequ01w,3,2.54,3.8967741935483864,0.0,0
batkosu01w,6,0.0,0.0,0.0,0
batkosu01w,10,4.372413793103448,0.0,0.0,0
batteja01w,6,0.0,0.0,0.0,0
batteja01w,7,0.5,0.0,0.0,0
battlas01w,6,0.0,0.0,0.0,0
battlas01w,7,0.7,0.0,0.0,0
battlas01w,8,4.284848484848484,0.7,0.0,0
battlas01w,9,6.18235294117647,4.284848484848484,0.7,0
battlas01w,10,2.4882352941176467,6.18235294117647,4.284848484848484,0
bauerca01w,1,0.0,0.0,0.0,0
bauerca01w,2,0.8689655172413793,0.0,0.0,0
bauerca01w,3,1.1733333333333331,0.8689655172413793,0.0,0
beardal01w,5,0.0,0.0,0.0,0
beardal01w,6,10.252941176470587,0.0,0.0,0
beardal01w,7,7.399999999999999,10.252941176470587,0.0,0
beardal01w,8,9.806249999999999,7.399999999999999,10.252941176470587,0
beardal01w,9,9.145454545454545,9.806249999999999,7.399999999999999,0
beardal01w,10,7.07878787878788,9.145454545454545,9.806249999999999,0
beckki01w,9,0.0,0.0,0.0,0
bennije01w,6,0.0,0.0,0.0,0
berezva01w,9,0.0,0.0,0.0,0
berthlu01w,3,0.0,0.0,0.0,0
berthlu01w,4,-0.040000000000000036,0.0,0.0,0
berthlu01w,5,2.29090909090909,-0.040000000000000036,0.0,0
beviltu01w,1,0.0,0.0,0.0,0
beviltu01w,2,4.875,0.0,0.0,0
beviltu01w,3,6.212903225806452,4.875,0.0,0
beviltu01w,4,2.318518518518519,6.212903225806452,4.875,0
beviltu01w,5,1.4580645161290322,2.318518518518519,6.212903225806452,0
beviltu01w,6,2.9764705882352933,1.4580645161290322,2.318518518518519,0
beviltu01w,7,6.0193548387096785,2.9764705882352933,1.4580645161290322,0
beviltu01w,8,6.923529411764706,6.0193548387096785,2.9764705882352933,0
beviltu01w,9,5.117647058823529,6.923529411764706,6.0193548387096785,0
beviltu01w,10,6.453333333333335,5.117647058823529,6.923529411764706,0
beviltu01w,11,6.494117647058823,6.453333333333335,5.117647058823529,0
bibbyje01w,1,0.0,0.0,0.0,0
bibrzag01w,5,0.0,0.0,0.0,0
bibrzag01w,7,3.0250000000000004,0.0,0.0,0
birdsu01w,3,0.0,0.0,0.0,0
birdsu01w,4,6.956250000000001,0.0,0.0,0
birdsu01w,5,6.899999999999999,6.956250000000001,0.0,0
birdsu01w,6,7.123529411764705,6.899999999999999,6.956250000000001,0
birdsu01w,7,4.6466666666666665,7.123529411764705,6.899999999999999,0
birdsu01w,8,7.511764705882354,4.6466666666666665,7.123529411764705,0
birdsu01w,9,5.772413793103448,7.511764705882354,4.6466666666666665,0
birdsu01w,10,4.933333333333333,5.772413793103448,7.511764705882354,0
birdsu01w,11,6.148387096774194,4.933333333333333,5.772413793103448,0
bjorkan01w,11,0.0,0.0,0.0,0
bjorkte01w,5,0.0,0.0,0.0,0
blackch01w,10,0.0,0.0,0.0,0
blackde01w,1,0.0,0.0,0.0,0
blackde01w,2,6.262499999999999,0.0,0.0,1
blackde01w,3,10.38125,6.262499999999999,0.0,0
blackde01w,4,8.1125,10.38125,6.262499999999999,0
blackde01w,5,2.7117647058823526,8.1125,10.38125,0
blodgci01w,1,0.0,0.0,0.0,0
blodgci01w,2,1.39,0.0,0.0,0
blueni01w,7,0.0,0.0,0.0,0
blueni01w,8,1.75,0.0,0.0,0
blueni01w,9,3.2200000000000006,1.75,0.0,0
blueni01w,10,1.9692307692307693,3.2200000000000006,1.75,0
blueoc01w,4,0.0,0.0,0.0,0
blueoc01w,5,-0.037500000000000006,0.0,0.0,0
bobbish01w,9,0.0,0.0,0.0,0
bobbish01w,10,4.3769230769230765,0.0,0.0,0
bobbish01w,11,1.5939393939393938,4.3769230769230765,0.0,0
boddiwh01w,10,0.0,0.0,0.0,0
boltoru01w,1,0.0,0.0,0.0,0
boltoru01w,2,5.903448275862068,0.0,0.0,0
boltoru01w,3,4.599999999999999,5.903448275862068,0.0,0
boltoru01w,4,5.55625,4.599999999999999,5.903448275862068,0
boltoru01w,5,3.6181818181818177,5.55625,4.599999999999999,0
bondla01w,7,0.0,0.0,0.0,0
bondla01w,9,2.8470588235294114,0.0,0.0,0
bonfisu01w,3,0.0,0.0,0.0,0
bonnede01w,10,0.0,0.0,0.0,0
bonnede01w,11,8.358823529411763,0.0,0.0,0
bowenli01w,8,0.0,0.0,0.0,0
boydca01w,2,0.0,0.0,0.0,0
braxtka01w,6,0.0,0.0,0.0,0
braxtka01w,7,3.696969696969697,0.0,0.0,0
braxtka01w,8,3.305882352941177,3.696969696969697,0.0,0
braxtka01w,9,5.877419354838709,3.305882352941177,3.696969696969697,0
braxtka01w,10,6.290909090909091,5.877419354838709,3.305882352941177,0
braxtka01w,11,7.657142857142858,6.290909090909091,5.877419354838709,0
braxtka01w,11,0.0,7.657142857142858,6.290909090909091,0
brazian01w,1,0.0,0.0,0.0,0
brazian01w,2,1.4454545454545453,0.0,0.0,0
brelaje01w,11,0.0,0.0,0.0,0
brelaje01w,11,0.0,0.0,0.0,0
bristre01w,2,0.0,0.0,0.0,0
brogami01w,1,0.0,0.0,0.0,0
brondsa01w,2,0.0,0.0,0.0,0
brondsa01w,3,3.1379310344827585,0.0,0.0,0
brondsa01w,4,3.173333333333334,3.1379310344827585,0.0,0
brownco01w,4,0.0,0.0,0.0,0
brownco01w,5,3.006666666666667,0.0,0.0,0
brownco01w,6,1.2615384615384617,3.006666666666667,0.0,0
brownco01w,7,0.7333333333333333,1.2615384615384617,3.006666666666667,0
browned01w,1,0.0,0.0,0.0,0
browned01w,2,3.45625,0.0,0.0,0
browned01w,3,4.725,3.45625,0.0,0
browned01w,4,4.085714285714285,4.725,3.45625,0
browned01w,7,4.270588235294118,4.085714285714285,4.725,0
brownki01w,3,0.0,0.0,0.0,0
brownki01w,4,1.0777777777777777,0.0,0.0,0
brownki01w,5,2.0888888888888886,1.0777777777777777,0.0,0
brownki01w,6,3.1538461538461533,2.0888888888888886,1.0777777777777777,0
brownki01w,7,1.5333333333333332,3.1538461538461533,2.0888888888888886,0
brownki01w,8,0.5375,1.5333333333333332,3.1538461538461533,0
brownki01w,9,2.46,0.5375,1.5333333333333332,0
brownki01w,10,2.7125,2.46,0.5375,0
brownru01w,1,0.0,0.0,0.0,0
brownru01w,2,6.926666666666665,0.0,0.0,0
brownru01w,3,7.913333333333332,6.926666666666665,0.0,0
brownru01w,4,4.107142857142857,7.913333333333332,6.926666666666665,0
brumfma01w,1,0.0,0.0,0.0,0
brumfma01w,2,2.25,0.0,0.0,0
brumfma01w,4,2.3333333333333335,2.25,0.0,0
brungje01w,5,0.0,0.0,0.0,0
brungje01w,6,1.315151515151515,0.0,0.0,0
brungje01w,7,0.26666666666666666,1.315151515151515,0.0,0
brunsre01w,5,0.0,0.0,0.0,0
brunsre01w,6,5.688235294117646,0.0,0.0,0
brunsre01w,7,8.158823529411764,5.688235294117646,0.0,0
brunsre01w,8,7.564705882352941,8.158823529411764,5.688235294117646,0
brunsre01w,9,14.242424242424242,7.564705882352941,8.158823529411764,0
brunsre01w,10,10.719999999999999,14.242424242424242,7.564705882352941,0
brunsre01w,11,11.962962962962964,10.719999999999999,14.242424242424242,0
bullevi01w,1,0.0,0.0,0.0,0
bullevi01w,2,13.05,0.0,0.0,0
bullevi01w,3,14.568750000000001,13.05,0.0,0
burgean01w,2,0.0,0.0,0.0,0
burgean01w,3,4.135483870967741,0.0,0.0,0
burgean01w,4,5.592307692307691,4.135483870967741,0.0,0
burgeli01w,1,0.0,0.0,0.0,0
burraal01w,1,0.0,0.0,0.0,0
burraal01w,2,3.60952380952381,0.0,0.0,0
burraal01w,3,2.376923076923077,3.60952380952381,0.0,0
burraal01w,4,5.075,2.376923076923077,3.60952380952381,0
burseja01w,2,0.0,0.0,0.0,0
burseja01w,3,3.3200000000000003,0.0,0.0,0
burseja01w,4,1.903225806451613,3.3200000000000003,0.0,0
burseja01w,5,4.951724137931035,1.903225806451613,3.3200000000000003,0
burseja01w,6,5.937931034482759,4.951724137931035,1.903225806451613,0
burseja01w,7,6.964705882352941,5.937931034482759,4.951724137931035,0
burseja01w,8,8.28148148148148,6.964705882352941,5.937931034482759,0
burseja01w,10,6.682758620689655,8.28148148148148,6.964705882352941,0
buttsta01w,5,0.0,0.0,0.0,0
byearla01w,1,0.0,0.0,0.0,0
byearla01w,2,5.45,0.0,0.0,0
byearla01w,3,8.1125,5.45,0.0,0
byearla01w,4,5.584615384615384,8.1125,5.45,0
byearla01w,7,3.44,5.584615384615384,8.1125,0
byearla01w,8,3.3230769230769237,3.44,5.584615384615384,0
byearla01w,9,3.633333333333333,3.3230769230769237,3.44,0
camba01w,11,0.0,0.0,0.0,0
campbed01w,1,0.0,0.0,0.0,0
campbed01w,2,4.425,0.0,0.0,0
campbed01w,3,4.125,4.425,0.0,0
campbed01w,4,4.2,4.125,4.425,0
campbed01w,5,3.382352941176471,4.2,4.125,0
campbed01w,6,0.8090909090909093,3.382352941176471,4.2,0
campbmi01w,1,0.0,0.0,0.0,0
cantydo01w,1,0.0,0.0,0.0,0
cantydo01w,2,6.321428571428572,0.0,0.0,0
cantydo01w,3,3.925,6.321428571428572,0.0,0
cantydo01w,4,3.3857142857142857,3.925,6.321428571428572,0
cantydo01w,5,3.9375,3.3857142857142857,3.925,0
cantydo01w,6,4.30625,3.9375,3.3857142857142857,0
cantydo01w,7,4.412121212121212,4.30625,3.9375,0
cantydo01w,8,5.16,4.412121212121212,4.30625,0
cantydo01w,9,4.426666666666668,5.16,4.412121212121212,0
cantydo01w,10,3.6142857142857143,4.426666666666668,5.16,0
cantydo01w,11,2.16470588235294,3.6142857142857143,4.426666666666668,0
careyja01w,6,0.0,0.0,0.0,0
careyja01w,7,0.2799999999999999,0.0,0.0,0
careyja01w,8,0.6749999999999998,0.2799999999999999,0.0,0
careyja01w,9,0.5454545454545455,0.6749999999999998,0.2799999999999999,0
carsoes01w,9,0.0,0.0,0.0,0
carsoes01w,10,4.535294117647059,0.0,0.0,0
carsoes01w,11,4.158823529411764,4.535294117647059,0.0,0
carteam01w,5,0.0,0.0,0.0,0
carteam01w,6,2.9000000000000004,0.0,0.0,0
cashsw01w,3,0.0,0.0,0.0,0
cashsw01w,4,11.075,0.0,0.0,0
cashsw01w,5,10.018181818181818,11.075,0.0,0
cashsw01w,6,11.1125,10.018181818181818,11.075,0
cashsw01w,7,5.219047619047618,11.1125,10.018181818181818,0
cashsw01w,8,5.841176470588236,5.219047619047618,11.1125,0
cashsw01w,9,7.735483870967741,5.841176470588236,5.219047619047618,0
cashsw01w,10,8.238709677419354,7.735483870967741,5.841176470588236,0
cashsw01w,11,8.5875,8.238709677419354,7.735483870967741,0
cassija01w,1,0.0,0.0,0.0,0
castriz01w,3,0.0,0.0,0.0,0
castriz01w,4,1.0210526315789474,0.0,0.0,0
castriz01w,6,1.4625,1.0210526315789474,0.0,0
castriz01w,7,3.1939393939393934,1.4625,1.0210526315789474,0
castriz01w,8,2.9823529411764698,3.1939393939393934,1.4625,0
castriz01w,9,4.652941176470589,2.9823529411764698,3.1939393939393934,0
castriz01w,10,4.551724137931034,4.652941176470589,2.9823529411764698,0
castriz01w,11,3.735294117647058,4.551724137931034,4.652941176470589,0
catchta01w,3,0.0,0.0,0.0,0
catchta01w,4,18.56875,0.0,0.0,0
catchta01w,5,14.423529411764706,18.56875,0.0,0
catchta01w,6,14.28823529411765,14.423529411764706,18.56875,1
catchta01w,7,15.376470588235293,14.28823529411765,14.423529411764706,1
catchta01w,8,17.1875,15.376470588235293,14.28823529411765,0
catchta01w,9,19.276190476190475,17.1875,15.376470588235293,0
catchta01w,10,11.336000000000002,19.276190476190475,17.1875,1
catchta01w,11,15.735294117647058,11.336000000000002,19.276190476190475,0
caufila01w,3,0.0,0.0,0.0,0
chambco01w,8,0.0,0.0,0.0,0
chanequ01w,9,0.0,0.0,0.0,0
chapmji01w,3,0.0,0.0,0.0,0
charlti01w,11,0.0,0.0,0.0,0
cheekjo01w,11,0.0,0.0,0.0,0
chestfe01w,11,0.0,0.0,0.0,0
choneka01w,5,0.0,0.0,0.0,0
choneka01w,6,1.4153846153846157,0.0,0.0,0
choneka01w,7,0.09999999999999998,1.4153846153846157,0.0,0
chriska01w,3,0.0,0.0,0.0,0
chriska01w,4,4.033333333333333,0.0,0.0,0
chriska01w,5,5.140000000000001,4.033333333333333,0.0,0
chriska01w,6,2.2125000000000004,5.140000000000001,4.033333333333333,0
chriska01w,7,2.945454545454545,2.2125000000000004,5.140000000000001,0
chriska01w,8,0.9176470588235297,2.945454545454545,2.2125000000000004,0
chriska02w,11,0.0,0.0,0.0,0
chriska02w,11,0.0,0.0,0.0,0
chrissh01w,5,0.0,0.0,0.0,0
chrissh01w,6,1.684848484848485,0.0,0.0,0
chrissh01w,7,4.335294117647058,1.684848484848485,0.0,0
chrissh01w,8,5.382352941176471,4.335294117647058,1.684848484848485,0
chrissh01w,9,6.66060606060606,5.382352941176471,4.335294117647058,0
chrissh01w,10,5.122580645161289,6.66060606060606,5.382352941176471,0
cironkr01w,10,0.0,0.0,0.0,0
clearmi01w,1,0.0,0.0,0.0,0
clearmi01w,2,4.766666666666667,0.0,0.0,0
clinest01w,1,0.0,0.0,0.0,0
clinest01w,2,2.1153846153846154,0.0,0.0,0
clinest01w,3,-0.21250000000000002,2.1153846153846154,0.0,0
coggicl01w,8,0.0,0.0,0.0,0
cokermo01w,5,0.0,0.0,0.0,0
colemco01w,4,0.0,0.0,0.0,0
colemma01w,10,0.0,0.0,0.0,0
colemma01w,11,4.471428571428572,0.0,0.0,0
colleka01w,1,0.0,0.0,0.0,0
colleka01w,2,3.3,0.0,0.0,0
colsosy01w,11,0.0,0.0,0.0,0
consuca01w,2,0.0,0.0,0.0,0
coopeca01w,2,0.0,0.0,0.0,0
coopeca01w,3,2.8,0.0,0.0,0
coopecy01w,1,0.0,0.0,0.0,0
coopecy01w,4,5.483870967741935,0.0,0.0,0
crawlsy01w,1,0.0,0.0,0.0,0
crawlsy01w,2,8.41935483870968,0.0,0.0,0
crawlsy01w,3,8.3625,8.41935483870968,0.0,0
crawlsy01w,4,6.212499999999999,8.3625,8.41935483870968,0
crockda01w,3,0.0,0.0,0.0,0
crockwi01w,9,0.0,0.0,0.0,0
cronika01w,7,0.0,0.0,0.0,0
cunnibe01w,1,0.0,0.0,0.0,0
cunnida01w,3,0.0,0.0,0.0,0
currimo01w,7,0.0,0.0,0.0,0
currimo01w,8,4.952941176470588,0.0,0.0,0
currimo01w,9,4.563636363636363,4.952941176470588,0.0,0
currimo01w,10,4.770588235294117,4.563636363636363,4.952941176470588,0
currimo01w,11,6.094117647058823,4.770588235294117,4.563636363636363,0
curryed01w,4,0.0,0.0,0.0,0
curryed01w,6,0.7599999999999998,0.0,0.0,0
dalesst01w,3,0.0,0.0,0.0,0
dalesst01w,4,2.3935483870967738,0.0,0.0,0
dalesst01w,5,3.9764705882352938,2.3935483870967738,0.0,0
dalesst01w,7,2.638709677419355,3.9764705882352938,2.3935483870967738,0
dalesst01w,8,0.9739130434782606,2.638709677419355,3.9764705882352938,0
daleygr01w,1,0.0,0.0,0.0,0
daleygr01w,2,2.4466666666666668,0.0,0.0,0
daleygr01w,3,1.5733333333333335,2.4466666666666668,0.0,0
daleygr01w,4,1.026086956521739,1.5733333333333335,2.4466666666666668,0
darlihe01w,1,0.0,0.0,0.0,0
darlihe01w,2,4.51875,0.0,0.0,0
darlihe01w,4,4.44375,4.51875,0.0,0
darlihe01w,5,4.305882352941176,4.44375,4.51875,0
darlihe01w,6,2.89090909090909,4.305882352941176,4.44375,0
darlihe01w,7,3.432258064516129,2.89090909090909,4.305882352941176,0
darlihe01w,8,3.6482758620689655,3.432258064516129,2.89090909090909,0
darlihe01w,9,4.115151515151515,3.6482758620689655,3.432258064516129,0
darlihe01w,10,4.051612903225807,4.115151515151515,3.6482758620689655,0
davenje01w,8,0.0,0.0,0.0,0
davenje01w,9,3.624242424242424,0.0,0.0,0
davenje01w,10,3.7857142857142856,3.624242424242424,0.0,0
davenje01w,11,2.185185185185185,3.7857142857142856,3.624242424242424,0
davisbr01w,7,0.0,0.0,0.0,0
davisde01w,8,0.0,0.0,0.0,0
davista02w,10,0.0,0.0,0.0,0
deforan01w,1,0.0,0.0,0.0,0
deforan01w,4,4.125925925925925,0.0,0.0,0
deforan01w,5,7.11764705882353,4.125925925925925,0.0,0
deforan01w,6,7.811764705882352,7.11764705882353,4.125925925925925,0
deforan01w,7,6.296969696969695,7.811764705882352,7.11764705882353,0
deforan01w,8,7.417647058823529,6.296969696969695,7.811764705882352,0
deforan01w,9,5.388235294117647,7.417647058823529,6.296969696969695,0
deforan01w,10,4.7823529411764705,5.388235294117647,7.417647058823529,0
derevje01w,5,0.0,0.0,0.0,0
derevje01w,6,0.6434782608695652,0.0,0.0,0
derevje01w,7,0.7647058823529411,0.6434782608695652,0.0,0
derevje01w,8,3.5290322580645155,0.7647058823529411,0.6434782608695652,0
derevje01w,9,1.2869565217391306,3.5290322580645155,0.7647058823529411,0
desouer01w,3,0.0,0.0,0.0,0
desouer01w,8,1.072727272727273,0.0,0.0,0
desouer01w,9,4.387499999999999,1.072727272727273,0.0,0
desouer01w,10,11.649999999999999,4.387499999999999,1.072727272727273,0
desouer01w,11,12.876470588235296,11.649999999999999,4.387499999999999,0
dickeke01w,1,0.0,0.0,0.0,0
dickeke01w,2,5.5375,0.0,0.0,0
dillata01w,4,0.0,0.0,0.0,0
dillata01w,5,1.0416666666666665,0.0,0.0,0
dillata01w,6,0.5565217391304346,1.0416666666666665,0.0,0
dixonta01w,1,0.0,0.0,0.0,0
dixonta01w,2,5.806451612903225,0.0,0.0,0
dixonta01w,3,4.655172413793103,5.806451612903225,0.0,0
dixonta01w,4,4.346666666666666,4.655172413793103,5.806451612903225,0
dixonta01w,5,6.439999999999999,4.346666666666666,4.655172413793103,0
dixonta01w,6,4.875,6.439999999999999,4.346666666666666,0
dixonta01w,7,2.7800000000000007,4.875,6.439999999999999,0
dixonta01w,8,2.260869565217391,2.7800000000000007,4.875,0
dixonta01w,9,6.133333333333331,2.260869565217391,2.7800000000000007,0
dixonta01w,10,4.550000000000001,6.133333333333331,2.260869565217391,0
donapbe01w,4,0.0,0.0,0.0,0
donapbe01w,5,0.0,0.0,0.0,0
doronsh01w,8,0.0,0.0,0.0,0
dossaci01w,1,0.0,0.0,0.0,0
dossaci01w,2,6.618749999999999,0.0,0.0,0
dossaci01w,3,0.8200000000000001,6.618749999999999,0.0,0
douglka01w,2,0.0,0.0,0.0,0
douglka01w,3,6.91818181818182,0.0,0.0,0
douglka01w,4,8.40625,6.91818181818182,0.0,0
douglka01w,5,7.292857142857143,8.40625,6.91818181818182,0
douglka01w,6,7.688235294117648,7.292857142857143,8.40625,0
douglka01w,7,7.84375,7.688235294117648,7.292857142857143,0
douglka01w,8,9.1,7.84375,7.688235294117648,0
douglka01w,9,9.929411764705883,9.1,7.84375,0
douglka01w,10,8.757575757575756,9.929411764705883,9.1,0
douglka01w,11,9.064516129032258,8.757575757575756,9.929411764705883,0
duffyme01w,7,0.0,0.0,0.0,0
duffyme01w,8,0.8,0.0,0.0,0
duffyme01w,9,0.3999999999999999,0.8,0.0,0
dunlavi01w,11,0.0,0.0,0.0,0
dupreca01w,7,0.0,0.0,0.0,0
dupreca01w,8,9.782352941176471,0.0,0.0,0
dupreca01w,9,11.872727272727273,9.782352941176471,0.0,0
dupreca01w,10,13.058823529411764,11.872727272727273,9.782352941176471,0
dupreca01w,11,13.370588235294116,13.058823529411764,11.872727272727273,0
dydekma01w,1,0.0,0.0,0.0,0
dydekma01w,2,10.6875,0.0,0.0,0
dydekma01w,3,15.143749999999997,10.6875,0.0,0
dydekma01w,4,16.813333333333333,15.143749999999997,10.6875,0
dydekma01w,5,13.094117647058823,16.813333333333333,15.143749999999997,0
dydekma01w,6,8.458823529411765,13.094117647058823,16.813333333333333,0
dydekma01w,7,10.903225806451612,8.458823529411765,13.094117647058823,0
dydekma01w,8,11.976470588235294,10.903225806451612,8.458823529411765,0
dydekma01w,9,10.743749999999999,11.976470588235294,10.903225806451612,0
edwarmi01w,1,0.0,0.0,0.0,0
edwarmi01w,2,2.747826086956522,0.0,0.0,0
edwarsi01w,1,0.0,0.0,0.0,0
edwarsi01w,2,4.8068965517241375,0.0,0.0,0
edwarsi01w,3,7.699999999999999,4.8068965517241375,0.0,0
edwarsi01w,4,5.94375,7.699999999999999,4.8068965517241375,0
edwarsi01w,5,4.488235294117647,5.94375,7.699999999999999,0
edwarsi01w,6,3.1391304347826092,4.488235294117647,5.94375,0
edwarte01w,4,0.0,0.0,0.0,0
edwarte01w,5,6.2058823529411775,0.0,0.0,0
edwarto01w,1,0.0,0.0,0.0,0
edwarto01w,2,4.2875,0.0,0.0,0
edwarto01w,3,2.0749999999999993,4.2875,0.0,0
elysh01w,6,0.0,0.0,0.0,0
elysh01w,7,1.9806451612903222,0.0,0.0,0
elysh01w,8,2.1833333333333327,1.9806451612903222,0.0,0
elysh01w,9,1.5448275862068965,2.1833333333333327,1.9806451612903222,0
elysh01w,10,2.8823529411764706,1.5448275862068965,2.1833333333333327,0
elysh01w,11,3.017647058823529,2.8823529411764706,1.5448275862068965,0
enissh01w,1,0.0,0.0,0.0,0
enissh01w,2,4.666666666666667,0.0,0.0,0
enissh01w,3,3.6125,4.666666666666667,0.0,0
enissh01w,4,3.4499999999999993,3.6125,4.666666666666667,0
erbsu01w,1,0.0,0.0,0.0,0
erbsu01w,2,1.5034482758620689,0.0,0.0,0
erbsu01w,3,1.7777777777777777,1.5034482758620689,0.0,0
ervinla01w,10,0.0,0.0,0.0,0
fallotr01w,2,0.0,0.0,0.0,0
farriba01w,1,0.0,0.0,0.0,0
farriba01w,2,2.028571428571429,0.0,0.0,0
farriba01w,3,3.025806451612903,2.028571428571429,0.0,0
farriba01w,4,3.2750000000000004,3.025806451612903,2.028571428571429,0
farriba01w,5,2.1882352941176473,3.2750000000000004,3.025806451612903,0
farriba01w,6,2.123076923076923,2.1882352941176473,3.2750000000000004,0
farriba01w,7,2.111764705882353,2.123076923076923,2.1882352941176473,0
farriba01w,8,5.341176470588236,2.111764705882353,2.123076923076923,0
farriba01w,9,1.4142857142857146,5.341176470588236,2.111764705882353,0
farriba01w,10,4.029411764705882,1.4142857142857146,5.341176470588236,0
feastal01w,1,0.0,0.0,0.0,0
feastal01w,2,4.0,0.0,0.0,0
feastal01w,3,6.393750000000001,4.0,0.0,0
feastal01w,4,6.362500000000001,6.393750000000001,4.0,0
feastal01w,5,6.8999999999999995,6.362500000000001,6.393750000000001,0
feastal01w,6,4.024242424242424,6.8999999999999995,6.362500000000001,0
feastal01w,7,1.8285714285714283,4.024242424242424,6.8999999999999995,0
feastal01w,9,1.46875,1.8285714285714283,4.024242424242424,0
feifesu01w,6,0.0,0.0,0.0,0
ferdima01w,2,0.0,0.0,0.0,0
ferdima01w,3,5.0375,0.0,0.0,0
ferdima01w,4,6.543749999999999,5.0375,0.0,0
ferdima01w,5,7.394117647058824,6.543749999999999,5.0375,0
ferdima01w,6,7.694117647058823,7.394117647058824,6.543749999999999,0
ferdima01w,8,6.877419354838709,7.694117647058823,7.394117647058824,0
ferdima01w,9,3.0941176470588236,6.877419354838709,7.694117647058823,0
ferdima01w,10,3.454545454545454,3.0941176470588236,6.877419354838709,0
ferdima01w,11,1.9357142857142853,3.454545454545454,3.0941176470588236,0
fernama01w,8,0.0,0.0,0.0,0
ferrama01w,1,0.0,0.0,0.0,0
figgsuk01w,1,0.0,0.0,0.0,0
figgsuk01w,2,2.5625,0.0,0.0,0
figgsuk01w,3,6.71875,2.5625,0.0,0
figgsuk01w,4,4.032258064516128,6.71875,2.5625,0
firsool01w,1,0.0,0.0,0.0,0
floremi01w,1,0.0,0.0,0.0,0
flukety01w,7,0.0,0.0,0.0,0
flukety01w,8,2.103225806451613,0.0,0.0,0
flukety01w,9,1.866666666666667,2.103225806451613,0.0,0
folklkr01w,1,0.0,0.0,0.0,0
folklkr01w,2,6.806249999999999,0.0,0.0,0
folklkr01w,3,11.4375,6.806249999999999,0.0,0
fordch01w,4,0.0,0.0,0.0,0
fordch01w,5,14.056249999999999,0.0,0.0,0
fordch01w,6,13.270967741935484,14.056249999999999,0.0,0
fordch01w,7,13.163636363636364,13.270967741935484,14.056249999999999,0
fordch01w,8,15.174999999999997,13.163636363636364,13.270967741935484,0
fordch01w,9,16.906666666666663,15.174999999999997,13.163636363636364,0
fordch01w,10,11.233333333333334,16.906666666666663,15.174999999999997,0
fordki01w,1,0.0,0.0,0.0,0
fordki01w,2,3.835714285714285,0.0,0.0,0
fordst01w,2,0.0,0.0,0.0,0
fordst01w,3,1.2,0.0,0.0,0
fowlesy01w,9,0.0,0.0,0.0,0
fowlesy01w,10,14.670588235294119,0.0,0.0,0
fowlesy01w,11,11.941666666666666,14.670588235294119,0.0,0
francde01w,1,0.0,0.0,0.0,0
frankaq01w,9,0.0,0.0,0.0,0
frankaq01w,10,1.764705882352941,0.0,0.0,0
frazeme01w,10,0.0,0.0,0.0,0
fresest01w,1,0.0,0.0,0.0,0
frettla01w,1,0.0,0.0,0.0,0
frettla01w,2,2.072,0.0,0.0,0
frettla01w,3,2.6,2.072,0.0,0
frettla01w,4,3.03125,2.6,2.072,0
frettla01w,5,0.9833333333333333,3.03125,2.6,0
frettla01w,6,2.884615384615384,0.9833333333333333,3.03125,0
friertr01w,5,0.0,0.0,0.0,0
frohlli01w,3,0.0,0.0,0.0,0
frohlli01w,4,0.6625000000000001,0.0,0.0,0
frohlli01w,7,1.969230769230769,0.6625000000000001,0.0,0
frohlli01w,8,1.5,1.969230769230769,0.6625000000000001,0
futreca01w,5,0.0,0.0,0.0,0
gaithka01w,1,0.0,0.0,0.0,0
gaithka01w,3,1.8666666666666671,0.0,0.0,0
garcibe01w,3,0.0,0.0,0.0,0
gardike01w,9,0.0,0.0,0.0,0
gardike01w,10,5.241176470588236,0.0,0.0,0
gardike01w,11,7.2,5.241176470588236,0.0,0
gardnan01w,3,0.0,0.0,0.0,0
gardnan01w,9,1.7733333333333332,0.0,0.0,0
garnean01w,1,0.0,0.0,0.0,0
gaydeco01w,1,0.0,0.0,0.0,0
gearlka01w,8,0.0,0.0,0.0,0
gearlka01w,9,2.715151515151515,0.0,0.0,0
gearlka01w,10,1.876470588235294,2.715151515151515,0.0,0
gibsoke01w,1,0.0,0.0,0.0,0
gibsoke01w,2,0.376470588235294,0.0,0.0,0
gibsoke01w,3,1.8142857142857136,0.376470588235294,0.0,0
gibsoke01w,4,1.4137931034482758,1.8142857142857136,0.376470588235294,0
gilloje01w,1,0.0,0.0,0.0,0
gilloje01w,2,5.640000000000001,0.0,0.0,0
gilloje01w,3,6.012499999999999,5.640000000000001,0.0,0
gilloje01w,4,5.748387096774194,6.012499999999999,5.640000000000001,0
gilmous01w,1,0.0,0.0,0.0,0
gisseka01w,9,0.0,0.0,0.0,0
givench01w,9,0.0,0.0,0.0,0
gomisem01w,7,0.0,0.0,0.0,0
goodsad01w,1,0.0,0.0,0.0,0
goodsad01w,2,9.2,0.0,0.0,0
goodsad01w,3,7.121428571428571,9.2,0.0,0
goodsad01w,4,8.50625,7.121428571428571,9.2,0
goodsad01w,5,6.363636363636364,8.50625,7.121428571428571,0
goodsad01w,6,8.617647058823529,6.363636363636364,8.50625,0
goringi01w,8,0.0,0.0,0.0,0
gortmsh01w,3,0.0,0.0,0.0,0
gortmsh01w,4,2.83448275862069,0.0,0.0,0
gortmsh01w,5,1.936,2.83448275862069,0.0,0
gortmsh01w,7,1.7,1.936,2.83448275862069,0
granter01w,8,0.0,0.0,0.0,0
graylal01w,11,0.0,0.0,0.0,0
grecomi01w,5,0.0,0.0,0.0,0
greenci01w,7,0.0,0.0,0.0,0
greenka01w,11,0.0,0.0,0.0,0
grginve01w,1,0.0,0.0,0.0,0
grginve01w,2,1.2,0.0,0.0,0
grginve01w,3,1.4583333333333335,1.2,0.0,0
griffke01w,11,0.0,0.0,0.0,0
griffyo01w,1,0.0,0.0,0.0,0
griffyo01w,2,20.56875,0.0,0.0,0
griffyo01w,3,18.04375,20.56875,0.0,0
griffyo01w,4,10.682352941176472,18.04375,20.56875,0
griffyo01w,5,12.399999999999999,10.682352941176472,18.04375,0
griffyo01w,6,14.799999999999999,12.399999999999999,10.682352941176472,0
griffyo01w,7,10.517647058823528,14.799999999999999,12.399999999999999,0
griffyo01w,8,10.376470588235295,10.517647058823528,14.799999999999999,0
griffyo01w,9,6.324999999999999,10.376470588235295,10.517647058823528,0
griffyo01w,10,9.326666666666666,6.324999999999999,10.376470588235295,0
groomla01w,1,0.0,0.0,0.0,0
groomla01w,2,2.06,0.0,0.0,0
groomla01w,3,3.729032258064516,2.06,0.0,0
groomla01w,4,4.025,3.729032258064516,2.06,0
groomla01w,5,2.6235294117647054,4.025,3.729032258064516,0
grubigo01w,1,0.0,0.0,0.0,0
grubigo01w,2,4.731034482758621,0.0,0.0,0
grubigo01w,3,1.844444444444444,4.731034482758621,0.0,0
grubigo01w,5,4.11875,1.844444444444444,4.731034482758621,0
grubigo01w,6,-0.16000000000000003,4.11875,1.844444444444444,0
grudasa01w,9,0.0,0.0,0.0,0
grudasa01w,10,5.967741935483871,0.0,0.0,0
hairska01w,8,0.0,0.0,0.0,0
hallam01w,3,0.0,0.0,0.0,0
hallvi01w,1,0.0,0.0,0.0,0
hallvi01w,2,3.6687499999999993,0.0,0.0,0
hallvi01w,3,1.8814814814814813,3.6687499999999993,0.0,0
hammobe01w,1,0.0,0.0,0.0,0
hammobe01w,2,3.4625000000000004,0.0,0.0,0
hammobe01w,3,3.10625,3.4625000000000004,0.0,0
hammobe01w,4,3.3625,3.10625,3.4625000000000004,0
hammobe01w,5,4.018181818181818,3.3625,3.10625,0
hammobe01w,6,7.252941176470587,4.018181818181818,3.3625,0
hammobe01w,7,7.170588235294116,7.252941176470587,4.018181818181818,0
hammobe01w,8,5.736363636363636,7.170588235294116,7.252941176470587,0
hammobe01w,9,4.3,5.736363636363636,7.170588235294116,0
hammobe01w,10,5.824242424242424,4.3,5.736363636363636,0
hammobe01w,11,7.761290322580644,5.824242424242424,4.3,0
hamzoro01w,1,0.0,0.0,0.0,0
hardili01w,8,0.0,0.0,0.0,0
hardili01w,9,6.619999999999998,0.0,0.0,0
hardili01w,10,4.175000000000001,6.619999999999998,0.0,0
hardili01w,11,7.3235294117647065,4.175000000000001,6.619999999999998,0
harpela01w,9,0.0,0.0,0.0,0
harpela01w,10,4.982352941176471,0.0,0.0,0
harriam01w,11,0.0,0.0,0.0,0
harrido01w,1,0.0,0.0,0.0,0
harrili01w,1,0.0,0.0,0.0,0
harrili01w,2,5.84516129032258,0.0,0.0,0
harrili01w,3,7.118749999999999,5.84516129032258,0.0,0
harrili01w,4,5.88125,7.118749999999999,5.84516129032258,0
harrili01w,6,5.533333333333333,5.88125,7.118749999999999,0
harrokr01w,2,0.0,0.0,0.0,0
harrokr01w,3,2.45,0.0,0.0,0
harrokr01w,4,2.4888888888888885,2.45,0.0,0
harrokr01w,6,2.961290322580645,2.4888888888888885,2.45,0
harrokr01w,10,5.2176470588235295,2.961290322580645,2.4888888888888885,0
haydeva01w,5,0.0,0.0,0.0,0
haydeva01w,6,3.9586206896551728,0.0,0.0,0
haydeva01w,7,8.6,3.9586206896551728,0.0,0
haydeva01w,9,3.818181818181817,8.6,3.9586206896551728,0
haydeva01w,10,3.8,3.818181818181817,8.6,0
haynikr01w,6,0.0,0.0,0.0,0
haynikr01w,7,4.479999999999999,0.0,0.0,0
haynikr01w,8,3.394117647058822,4.479999999999999,0.0,0
haynikr01w,9,1.9823529411764707,3.394117647058822,4.479999999999999,0
haynikr01w,10,3.7636363636363637,1.9823529411764707,3.394117647058822,0
headde01w,1,0.0,0.0,0.0,0
hendene01w,2,0.0,0.0,0.0,0
hendetr01w,3,0.0,0.0,0.0,0
hendetr01w,4,1.6434782608695653,0.0,0.0,0
henniso01w,1,0.0,0.0,0.0,0
henniso01w,2,6.85,0.0,0.0,0
henniso01w,3,5.975,6.85,0.0,0
henniso01w,4,4.961290322580644,5.975,6.85,0
herriam01w,1,0.0,0.0,0.0,0
herriam01w,2,2.4320000000000004,0.0,0.0,0
herriam01w,3,3.1937499999999996,2.4320000000000004,0.0,0
hibbeka01w,1,0.0,0.0,0.0,0
hicksje01w,1,0.0,0.0,0.0,0
hicksje01w,2,0.7000000000000002,0.0,0.0,0
hicksje01w,3,4.012499999999999,0.7000000000000002,0.0,0
hicksje01w,4,4.916129032258064,4.012499999999999,0.7000000000000002,0
hicksje01w,5,2.2814814814814817,4.916129032258064,4.012499999999999,0
hightal01w,11,0.0,0.0,0.0,0
hillec01w,1,0.0,0.0,0.0,0
hillec01w,2,0.4461538461538461,0.0,0.0,0
hledeko01w,1,0.0,0.0,0.0,0
hledeko01w,2,4.825806451612904,0.0,0.0,0
hledeko01w,3,2.555555555555556,4.825806451612904,0.0,0
hodgedo01w,5,0.0,0.0,0.0,0
hodgedo01w,6,2.141666666666666,0.0,0.0,0
hodgedo01w,7,2.79375,2.141666666666666,0.0,0
hodgedo01w,8,2.1882352941176473,2.79375,2.141666666666666,0
hodgedo01w,9,0.5666666666666667,2.1882352941176473,2.79375,0
hodgedo01w,11,2.025,0.5666666666666667,2.1882352941176473,0
hodgero01w,6,0.0,0.0,0.0,0
hodgero01w,7,0.823076923076923,0.0,0.0,0
hodgero01w,8,2.8484848484848486,0.823076923076923,0.0,0
hodgero01w,9,1.8620689655172415,2.8484848484848486,0.823076923076923,0
hodgero01w,10,2.933333333333333,1.8620689655172415,2.8484848484848486,0
hodgero01w,11,4.781818181818182,2.933333333333333,1.8620689655172415,0
hoffmeb01w,5,0.0,0.0,0.0,0
hoffmeb01w,6,3.6133333333333324,0.0,0.0,0
hoffmeb01w,7,4.254545454545454,3.6133333333333324,0.0,0
hoffmeb01w,8,7.958823529411765,4.254545454545454,3.6133333333333324,0
hoffmeb01w,9,5.71764705882353,7.958823529411765,4.254545454545454,0
hoffmeb01w,10,11.563636363636363,5.71764705882353,7.958823529411765,0
hoffmeb01w,11,9.641176470588235,11.563636363636363,5.71764705882353,0
holdsch01w,1,0.0,0.0,0.0,0
holdsch01w,2,12.21875,0.0,0.0,0
holdsch01w,3,14.420689655172414,12.21875,0.0,0
holdsch01w,4,15.02,14.420689655172414,12.21875,0
holdsch01w,5,15.214814814814815,15.02,14.420689655172414,0
holdsch01w,6,13.704347826086957,15.214814814814815,15.02,0
holdsch01w,7,9.684848484848484,13.704347826086957,15.214814814814815,0
holdsch01w,8,9.776000000000002,9.684848484848484,13.704347826086957,0
holdsch01w,10,8.719999999999999,9.776000000000002,9.684848484848484,0
hollake01w,1,0.0,0.0,0.0,0
hollake01w,2,5.0,0.0,0.0,0
hollake01w,3,6.4375,5.0,0.0,0
hollake01w,4,5.21875,6.4375,5.0,0
hollake01w,5,4.6,5.21875,6.4375,0
hollake01w,7,5.711111111111112,4.6,5.21875,0
holliqu01w,10,0.0,0.0,0.0,0
holliqu01w,11,3.5,0.0,0.0,0
holmejo01w,1,0.0,0.0,0.0,0
holmese01w,9,0.0,0.0,0.0,0
holtam01w,9,0.0,0.0,0.0,0
holtam01w,10,3.352941176470588,0.0,0.0,0
holtam01w,11,3.5130434782608693,3.352941176470588,0.0,0
hopeky01w,1,0.0,0.0,0.0,0
hornbal01w,9,0.0,0.0,0.0,0
hornbal01w,10,9.576470588235292,0.0,0.0,0
hornbal01w,11,7.518750000000001,9.576470588235292,0.0,0
houstch01w,9,0.0,0.0,0.0,0
houstch01w,10,5.830303030303031,0.0,0.0,0
houstch01w,11,8.447058823529412,5.830303030303031,0.0,0
humphta01w,9,0.0,0.0,0.0,0
humphta01w,10,3.6800000000000006,0.0,0.0,0
ibekwif01w,11,0.0,0.0,0.0,0
irvinsa01w,6,0.0,0.0,0.0,0
irvinsa01w,7,3.9833333333333334,0.0,0.0,0
irvinsa01w,8,4.142857142857142,3.9833333333333334,0.0,0
irvinsa01w,9,2.4782608695652173,4.142857142857142,3.9833333333333334,0
irvinsa01w,11,2.057142857142857,2.4782608695652173,4.142857142857142,0
ivanyda01w,1,0.0,0.0,0.0,0
ivanyda01w,4,2.918518518518518,0.0,0.0,0
ivanyda01w,6,0.7,2.918518518518518,0.0,0
ivanyda01w,7,2.9999999999999996,0.7,2.918518518518518,0
iveyni01w,2,0.0,0.0,0.0,0
iveyni01w,3,3.875,0.0,0.0,0
iveyni01w,4,1.8258064516129031,3.875,0.0,0
iveyni01w,5,3.6814814814814816,1.8258064516129031,3.875,0
iveyni01w,6,0.6666666666666667,3.6814814814814816,1.8258064516129031,0
jacksde01w,3,0.0,0.0,0.0,0
jacksde01w,4,1.6333333333333333,0.0,0.0,0
jacksde01w,5,2.9647058823529413,1.6333333333333333,0.0,0
jacksde01w,6,4.488235294117647,2.9647058823529413,1.6333333333333333,0
jacksde01w,7,3.305882352941176,4.488235294117647,2.9647058823529413,0
jacksgw01w,4,0.0,0.0,0.0,0
jacksgw01w,5,7.272727272727272,0.0,0.0,0
jacksgw01w,6,2.703030303030303,7.272727272727272,0.0,0
jacksla01w,2,0.0,0.0,0.0,0
jacksla01w,3,14.641379310344824,0.0,0.0,0
jacksla01w,4,13.75,14.641379310344824,0.0,0
jacksla01w,5,15.284848484848485,13.75,14.641379310344824,0
jacksla01w,6,12.01290322580645,15.284848484848485,13.75,0
jacksla01w,7,15.223529411764705,12.01290322580645,15.284848484848485,0
jacksla01w,8,12.0,15.223529411764705,12.01290322580645,1
jacksla01w,9,15.677419354838712,12.0,15.223529411764705,0
jacksla01w,10,12.780952380952382,15.677419354838712,12.0,0
jacksla01w,11,12.515384615384615,12.780952380952382,15.677419354838712,0
jacksta01w,1,0.0,0.0,0.0,0
jacksta01w,2,2.2482758620689656,0.0,0.0,0
jacksta01w,3,4.50625,2.2482758620689656,0.0,0
jacksta02w,1,0.0,0.0,0.0,0
jacksta02w,2,3.88235294117647,0.0,0.0,0
jacksta02w,3,3.1812500000000004,3.88235294117647,0.0,0
jacksta02w,4,5.5875,3.1812500000000004,3.88235294117647,0
jacksta02w,5,5.894117647058824,5.5875,3.1812500000000004,0
jacksta02w,6,3.4160000000000004,5.894117647058824,5.5875,0
jacksta02w,7,2.15,3.4160000000000004,5.894117647058824,0
jacksti02w,8,0.0,0.0,0.0,0
jacksti02w,9,4.46470588235294,0.0,0.0,0
jacksti02w,10,8.544,4.46470588235294,0.0,0
jacksti02w,11,5.094117647058823,8.544,4.46470588235294,0
jacobam01w,5,0.0,0.0,0.0,0
jacobam01w,6,1.4437499999999996,0.0,0.0,0
jacobam01w,7,1.63030303030303,1.4437499999999996,0.0,0
jacobam01w,8,3.4999999999999996,1.63030303030303,1.4437499999999996,0
jacobam01w,9,0.6896551724137931,3.4999999999999996,1.63030303030303,0
jamesta01w,7,0.0,0.0,0.0,0
jamesta01w,8,1.0571428571428572,0.0,0.0,0
januabr01w,10,0.0,0.0,0.0,0
januabr01w,11,3.3818181818181814,0.0,0.0,0
jekaban01w,10,0.0,0.0,0.0,0
joensca01w,8,0.0,0.0,0.0,0
joensca01w,9,3.926315789473685,0.0,0.0,0
johnsad01w,1,0.0,0.0,0.0,0
johnsad01w,3,3.96875,0.0,0.0,0
johnsad01w,4,2.0062499999999996,3.96875,0.0,0
johnsch01w,4,0.0,0.0,0.0,0
johnsja01w,2,0.0,0.0,0.0,0
johnsla01w,1,0.0,0.0,0.0,0
johnsla01w,2,1.2896551724137928,0.0,0.0,0
johnsla01w,3,0.18461538461538463,1.2896551724137928,0.0,0
johnsla01w,4,0.42142857142857126,0.18461538461538463,1.2896551724137928,0
johnsla01w,5,0.32258064516129026,0.42142857142857126,0.18461538461538463,0
johnsni01w,1,0.0,0.0,0.0,0
johnspo01w,1,0.0,0.0,0.0,0
johnspo01w,2,0.8166666666666669,0.0,0.0,0
johnspo01w,3,1.6222222222222222,0.8166666666666669,0.0,0
johnspo01w,4,6.580645161290322,1.6222222222222222,0.8166666666666669,0
johnspo01w,5,3.9799999999999995,6.580645161290322,1.6222222222222222,0
johnssh01w,1,0.0,0.0,0.0,0
johnssh01w,2,9.09375,0.0,0.0,0
johnssh01w,3,5.4,9.09375,0.0,0
johnssh01w,4,7.864516129032259,5.4,9.09375,0
johnssh01w,5,6.523529411764705,7.864516129032259,5.4,0
johnssh01w,6,5.851612903225807,6.523529411764705,7.864516129032259,0
johnssh01w,7,5.270588235294118,5.851612903225807,6.523529411764705,0
johnssh01w,8,7.0625,5.270588235294118,5.851612903225807,0
johnssh01w,9,2.0969696969696967,7.0625,5.270588235294118,0
johnssh01w,10,6.618181818181819,2.0969696969696967,7.0625,0
johnste01w,6,0.0,0.0,0.0,0
johnste01w,7,4.699999999999999,0.0,0.0,0
johnste01w,8,6.324999999999999,4.699999999999999,0.0,0
johnste01w,9,3.981818181818182,6.324999999999999,4.699999999999999,0
johnste01w,10,3.895652173913043,3.981818181818182,6.324999999999999,0
johnste01w,11,4.705882352941176,3.895652173913043,3.981818181818182,0
johnsti01w,1,0.0,0.0,0.0,0
johnsti01w,2,4.916129032258064,0.0,0.0,0
johnsti01w,3,5.14375,4.916129032258064,0.0,0
johnsti01w,4,7.487500000000001,5.14375,4.916129032258064,0
johnsti01w,5,2.9818181818181815,7.487500000000001,5.14375,0
johnsti01w,7,4.1030303030303035,2.9818181818181815,7.487500000000001,0
johnsvi01w,1,0.0,0.0,0.0,0
johnsvi01w,2,6.206451612903226,0.0,0.0,0
johnsvi01w,3,5.60625,6.206451612903226,0.0,0
johnsvi01w,4,5.154838709677419,5.60625,6.206451612903226,0
johnsvi01w,5,4.6875,5.154838709677419,5.60625,0
johnsvi01w,6,4.5058823529411764,4.6875,5.154838709677419,0
johnsvi01w,7,4.664705882352941,4.5058823529411764,4.6875,0
johnsvi01w,8,6.747058823529412,4.664705882352941,4.5058823529411764,0
johnsvi01w,9,8.16,6.747058823529412,4.664705882352941,0
johnsvi01w,10,7.774999999999999,8.16,6.747058823529412,0
jonesas01w,3,0.0,0.0,0.0,0
jonesas01w,4,2.8687500000000004,0.0,0.0,0
jonesas01w,5,4.4411764705882355,2.8687500000000004,0.0,0
jonesas01w,6,4.576470588235294,4.4411764705882355,2.8687500000000004,0
jonesas01w,7,3.6121212121212114,4.576470588235294,4.4411764705882355,0
jonesas01w,8,7.488235294117647,3.6121212121212114,4.576470588235294,0
jonesas01w,9,8.353333333333333,7.488235294117647,3.6121212121212114,0
jonesas01w,10,8.127272727272727,8.353333333333333,7.488235294117647,0
jonesas01w,11,7.399999999999999,8.127272727272727,8.353333333333333,0
jonesch01w,5,0.0,0.0,0.0,0
jonesch01w,6,2.058064516129032,0.0,0.0,0
jonesch01w,7,3.1225806451612907,2.058064516129032,0.0,0
jonesja01w,1,0.0,0.0,0.0,0
jonesla01w,1,0.0,0.0,0.0,0
jonesma01w,11,0.0,0.0,0.0,0
jonesme01w,1,0.0,0.0,0.0,0
jonesme01w,2,5.368749999999999,0.0,0.0,0
jonesme01w,3,7.76,5.368749999999999,0.0,0
jonesme01w,4,9.1,7.76,5.368749999999999,0
jonesme01w,5,3.8058823529411763,9.1,7.76,0
kellycr01w,9,0.0,0.0,0.0,0
kellycr01w,10,4.054545454545454,0.0,0.0,0
kingbsu01w,6,0.0,0.0,0.0,0
kingija01w,2,0.0,0.0,0.0,0
kingija01w,5,4.9172413793103456,0.0,0.0,0
kingija01w,7,1.3777777777777778,4.9172413793103456,0.0,0
klimezu01w,3,0.0,0.0,0.0,0
klimezu01w,4,0.8181818181818181,0.0,0.0,0
kobryew01w,11,0.0,0.0,0.0,0
koehnla01w,6,0.0,0.0,0.0,0
koehnla01w,7,0.14,0.0,0.0,0
koehnla01w,8,0.26249999999999996,0.14,0.0,0
koehnla01w,9,0.05714285714285716,0.26249999999999996,0.14,0
korstil01w,2,0.0,0.0,0.0,0
kostaan01w,7,0.0,0.0,0.0,0
kostita01w,1,0.0,0.0,0.0,0
kraayca01w,6,0.0,0.0,0.0,0
kraayca01w,7,2.317647058823529,0.0,0.0,0
kraayca01w,8,5.782352941176471,2.317647058823529,0.0,0
kraayca01w,9,6.9647058823529395,5.782352941176471,2.317647058823529,0
kraayca01w,10,8.58235294117647,6.9647058823529395,5.782352941176471,0
kraayca01w,11,5.941176470588235,8.58235294117647,6.9647058823529395,0
kubikni01w,1,0.0,0.0,0.0,0
kubikni01w,2,-0.4,0.0,0.0,0
lacyje01w,7,0.0,0.0,0.0,0
lacyje01w,8,2.4363636363636365,0.0,0.0,0
lacyje01w,9,0.29000000000000004,2.4363636363636365,0.0,0
lacyje01w,10,2.296969696969697,0.29000000000000004,2.4363636363636365,0
lacyje01w,11,2.125,2.296969696969697,0.29000000000000004,0
lacyna01w,11,0.0,0.0,0.0,0
lacyve01w,1,0.0,0.0,0.0,0
lambesh01w,3,0.0,0.0,0.0,0
lambesh01w,4,1.866666666666667,0.0,0.0,0
lambesh01w,5,1.2444444444444445,1.866666666666667,0.0,0
lambesh01w,6,3.5764705882352934,1.2444444444444445,1.866666666666667,0
lambmo01w,1,0.0,0.0,0.0,0
langhcr01w,9,0.0,0.0,0.0,0
langhcr01w,10,4.888235294117647,0.0,0.0,0
langhcr01w,11,11.047058823529412,4.888235294117647,0.0,0
larkier01w,9,0.0,0.0,0.0,0
larkier01w,10,2.8740740740740733,0.0,0.0,0
lassiam01w,2,0.0,0.0,0.0,0
lassiam01w,3,4.875,0.0,0.0,0
lassiam01w,4,4.993333333333334,4.875,0.0,0
lassiam01w,5,5.481249999999999,4.993333333333334,4.875,0
lassiam01w,6,3.909090909090909,5.481249999999999,4.993333333333334,0
lassiam01w,7,1.6193548387096774,3.909090909090909,5.481249999999999,0
lattaiv01w,8,0.0,0.0,0.0,0
lattaiv01w,9,0.864516129032258,0.0,0.0,0
lattaiv01w,10,4.129411764705882,0.864516129032258,0.0,0
lattaiv01w,11,1.175,4.129411764705882,0.864516129032258,0
lavenja01w,11,0.0,0.0,0.0,0
lawsoed01w,6,0.0,0.0,0.0,0
lawsoed01w,7,0.6210526315789473,0.0,0.0,0
lawsoed01w,9,2.007692307692308,0.6210526315789473,0.0,0
lawsoed01w,10,1.4733333333333327,2.007692307692308,0.6210526315789473,0
lawsoka01w,4,0.0,0.0,0.0,0
lawsoka01w,5,4.070588235294118,0.0,0.0,0
lawsoka01w,6,3.8352941176470585,4.070588235294118,0.0,0
lawsoka01w,7,2.3583333333333334,3.8352941176470585,4.070588235294118,0
lawsoka01w,8,3.2058823529411766,2.3583333333333334,3.8352941176470585,0
lawsoka01w,9,4.411764705882353,3.2058823529411766,2.3583333333333334,0
lawsoka01w,10,4.543749999999999,4.411764705882353,3.2058823529411766,0
lawsoka01w,11,3.5839999999999996,4.543749999999999,4.411764705882353,0
lazicka01w,2,0.0,0.0,0.0,0
lehnish01w,10,0.0,0.0,0.0,0
lehnish01w,11,3.2588235294117647,0.0,0.0,0
lennobe01w,1,0.0,0.0,0.0,0
lennobe01w,2,8.70625,0.0,0.0,0
lennobe01w,3,6.709090909090907,8.70625,0.0,0
lennobe01w,4,3.3806451612903214,6.709090909090907,8.70625,0
lennobe01w,5,2.3470588235294123,3.3806451612903214,6.709090909090907,0
lennobe01w,6,6.556249999999999,2.3470588235294123,3.3806451612903214,0
lennobe01w,7,6.492857142857142,6.556249999999999,2.3470588235294123,0
lennobe01w,8,5.6000000000000005,6.492857142857142,6.556249999999999,0
lennobe01w,9,6.911764705882354,5.6000000000000005,6.492857142857142,0
lennobe01w,10,6.488235294117646,6.911764705882354,5.6000000000000005,0
lennobe01w,11,5.973333333333333,6.488235294117646,6.911764705882354,0
leslili01w,1,0.0,0.0,0.0,0
leslili01w,2,14.818750000000001,0.0,0.0,0
leslili01w,3,15.148387096774194,14.818750000000001,0.0,0
leslili01w,4,18.754838709677415,15.148387096774194,14.818750000000001,0
leslili01w,5,17.530434782608694,18.754838709677415,15.148387096774194,1
leslili01w,6,18.211764705882356,17.530434782608694,18.754838709677415,0
leslili01w,7,15.252941176470587,18.211764705882356,17.530434782608694,0
leslili01w,9,15.870588235294115,15.252941176470587,18.211764705882356,1
leslili01w,10,17.44242424242424,15.870588235294115,15.252941176470587,0
leuchye01w,7,0.0,0.0,0.0,0
leuchye01w,8,0.75,0.0,0.0,0
levanni01w,2,0.0,0.0,0.0,0
lewista01w,3,0.0,0.0,0.0,0
lewisty01w,2,0.0,0.0,0.0,0
lewisty01w,3,3.0827586206896553,0.0,0.0,0
lewisty01w,4,1.0941176470588234,3.0827586206896553,0.0,0
lewisty01w,5,2.7652173913043483,1.0941176470588234,3.0827586206896553,0
lewisty01w,6,3.4235294117647066,2.7652173913043483,1.0941176470588234,0
lewisty01w,7,2.0,3.4235294117647066,2.7652173913043483,0
liebena01w,9,0.0,0.0,0.0,0
littlca01w,8,0.0,0.0,0.0,0
littlca01w,9,6.6,0.0,0.0,0
littlca01w,10,5.362500000000001,6.6,0.0,0
littlca01w,11,8.57058823529412,5.362500000000001,6.6,0
lloydan01w,1,0.0,0.0,0.0,0
lobore01w,2,0.0,0.0,0.0,0
lobore01w,3,0.42500000000000004,0.0,0.0,0
lobore01w,4,1.4571428571428569,0.42500000000000004,0.0,0
lovelst01w,1,0.0,0.0,0.0,0
lovelst01w,2,3.017391304347825,0.0,0.0,0
lovelst01w,5,2.245454545454545,3.017391304347825,0.0,0
lovelst01w,6,3.0647058823529414,2.245454545454545,3.017391304347825,0
lovelst01w,7,4.864705882352942,3.0647058823529414,2.245454545454545,0
lovelst01w,8,5.623529411764706,4.864705882352942,3.0647058823529414,0
lovelst01w,9,1.622222222222222,5.623529411764706,4.864705882352942,0
luckepa01w,2,0.0,0.0,0.0,0
luzhe01w,2,0.0,0.0,0.0,0
luzhe01w,3,2.85625,0.0,0.0,0
luzhe01w,4,1.9500000000000002,2.85625,0.0,0
lyttlsa01w,6,0.0,0.0,0.0,0
lyttlsa01w,7,5.1818181818181825,0.0,0.0,0
lyttlsa01w,8,5.475862068965517,5.1818181818181825,0.0,0
lyttlsa01w,9,9.219354838709677,5.475862068965517,5.1818181818181825,0
lyttlsa01w,10,11.540740740740741,9.219354838709677,5.475862068965517,0
lyttlsa01w,11,13.170588235294117,11.540740740740741,9.219354838709677,0
mabikmw01w,1,0.0,0.0,0.0,0
mabikmw01w,2,9.618749999999999,0.0,0.0,0
mabikmw01w,3,7.892857142857144,9.618749999999999,0.0,0
mabikmw01w,4,7.574999999999999,7.892857142857144,9.618749999999999,0
mabikmw01w,5,5.94375,7.574999999999999,7.892857142857144,0
mabikmw01w,6,5.561290322580645,5.94375,7.574999999999999,0
mabikmw01w,7,2.023529411764706,5.561290322580645,5.94375,0
mabikmw01w,8,2.1500000000000004,2.023529411764706,5.561290322580645,0
mabikmw01w,9,4.642424242424243,2.1500000000000004,2.023529411764706,0
macchla01w,5,0.0,0.0,0.0,0
macchla01w,6,3.6880000000000006,0.0,0.0,0
machacl01w,1,0.0,0.0,0.0,0
machacl01w,2,2.1741935483870964,0.0,0.0,0
machacl01w,3,4.34,2.1741935483870964,0.0,0
mahonme01w,7,0.0,0.0,0.0,0
mahonme01w,8,2.070967741935484,0.0,0.0,0
mahonsh01w,1,0.0,0.0,0.0,0
mahonsh01w,3,1.9999999999999998,0.0,0.0,0
maigaha01w,3,0.0,0.0,0.0,0
maigaha01w,4,2.539130434782609,0.0,0.0,0
maigaha01w,5,3.427272727272727,2.539130434782609,0.0,0
maigaha01w,6,3.5647058823529405,3.427272727272727,2.539130434782609,0
maigaha01w,7,2.8058823529411763,3.5647058823529405,3.427272727272727,0
maigaha01w,8,3.5764705882352943,2.8058823529411763,3.5647058823529405,0
maigaha01w,9,6.717647058823529,3.5764705882352943,2.8058823529411763,0
maigaha01w,10,5.884615384615383,6.717647058823529,3.5764705882352943,0
malcona01w,2,0.0,0.0,0.0,0
malcona01w,3,2.5548387096774188,0.0,0.0,0
malloso01w,4,0.0,0.0,0.0,0
maltsev01w,8,0.0,0.0,0.0,0
mannish01w,1,0.0,0.0,0.0,0
mannkr01w,6,0.0,0.0,0.0,0
mannkr01w,7,2.166666666666667,0.0,0.0,0
mannkr01w,8,4.109090909090909,2.166666666666667,0.0,0
mannkr01w,9,5.070588235294117,4.109090909090909,2.166666666666667,0
mannkr01w,10,2.311111111111111,5.070588235294117,4.109090909090909,0
mapprh01w,1,0.0,0.0,0.0,0
mapprh01w,2,9.066666666666666,0.0,0.0,0
mapprh01w,4,3.16,9.066666666666666,0.0,0
marcimi01w,1,0.0,0.0,0.0,0
marcimi01w,2,3.5875000000000004,0.0,0.0,0
marcimi01w,3,3.355555555555555,3.5875000000000004,0.0,0
martima01w,1,0.0,0.0,0.0,0
martima01w,2,2.546666666666666,0.0,0.0,0
martinu01w,6,0.0,0.0,0.0,0
mascira01w,5,0.0,0.0,0.0,0
mascira01w,6,-0.823529411764706,0.0,0.0,0
mascira01w,9,1.5878787878787874,-0.823529411764706,0.0,0
matteca01w,6,0.0,0.0,0.0,0
maxwemo01w,1,0.0,0.0,0.0,0
maxwemo01w,2,8.71875,0.0,0.0,0
maxwemo01w,3,3.173333333333334,8.71875,0.0,0
mazzake01w,5,0.0,0.0,0.0,0
mazzake01w,6,1.2529411764705882,0.0,0.0,0
mazzake01w,7,2.044444444444444,1.2529411764705882,0.0,0
mazzake01w,8,6.905882352941177,2.044444444444444,1.2529411764705882,0
mazzake01w,9,3.564705882352941,6.905882352941177,2.044444444444444,0
mazzake01w,10,3.2705882352941176,3.564705882352941,6.905882352941177,0
mazzake01w,11,1.3548387096774193,3.2705882352941176,3.564705882352941,0
mccaibr01w,3,0.0,0.0,0.0,0
mccaiti01w,1,0.0,0.0,0.0,0
mccaiti01w,2,0.248,0.0,0.0,0
mccaiti01w,3,1.2374999999999998,0.248,0.0,0
mccanra01w,10,0.0,0.0,0.0,0
mccarja01w,6,0.0,0.0,0.0,0
mccarja01w,7,3.65,0.0,0.0,0
mccarja01w,8,5.533333333333333,3.65,0.0,0
mccarja01w,9,8.35625,5.533333333333333,3.65,0
mccarja01w,10,10.019354838709678,8.35625,5.533333333333333,0
mccarst01w,1,0.0,0.0,0.0,0
mccarst01w,2,4.0,0.0,0.0,0
mccarst01w,4,4.066666666666667,4.0,0.0,0
mccarst01w,5,3.6857142857142855,4.066666666666667,4.0,0
mcconsu01w,1,0.0,0.0,0.0,0
mccouan01w,10,0.0,0.0,0.0,0
mccouan01w,11,8.235294117647058,0.0,0.0,0
mccrada01w,11,0.0,0.0,0.0,0
mccrani01w,1,0.0,0.0,0.0,0
mccrani01w,2,4.1625,0.0,0.0,0
mccrani01w,3,2.4124999999999996,4.1625,0.0,0
mccrani01w,4,4.168749999999999,2.4124999999999996,4.1625,0
mccrani01w,5,3.211764705882352,4.168749999999999,2.4124999999999996,0
mccrani01w,6,0.7703703703703701,3.211764705882352,4.168749999999999,0
mccrani01w,7,1.3478260869565217,0.7703703703703701,3.211764705882352,0
mccrini01w,1,0.0,0.0,0.0,0
mccrini01w,2,3.1375,0.0,0.0,0
mccrini01w,3,2.0857142857142854,3.1375,0.0,0
mccrini01w,4,2.425,2.0857142857142854,3.1375,0
mcculda01w,1,0.0,0.0,0.0,0
mcculda01w,2,4.393103448275861,0.0,0.0,0
mcculda01w,3,1.5499999999999998,4.393103448275861,0.0,0
mcculda01w,4,1.6,1.5499999999999998,4.393103448275861,0
mcgheca01w,1,0.0,0.0,0.0,0
mcgheca01w,2,2.8687500000000004,0.0,0.0,0
mcgheca01w,3,0.47058823529411764,2.8687500000000004,0.0,0
mckivte01w,4,0.0,0.0,0.0,0
mckivte01w,5,4.554838709677419,0.0,0.0,0
mckivte01w,6,2.066666666666666,4.554838709677419,0.0,0
mckivte01w,8,2.7419354838709675,2.066666666666666,4.554838709677419,0
mcwilta01w,1,0.0,0.0,0.0,0
mcwilta01w,2,13.931249999999999,0.0,0.0,0
mcwilta01w,3,14.799999999999997,13.931249999999999,0.0,0
mcwilta01w,4,9.276923076923076,14.799999999999997,13.931249999999999,0
mcwilta01w,5,10.717647058823529,9.276923076923076,14.799999999999997,0
mcwilta01w,6,12.670588235294117,10.717647058823529,9.276923076923076,0
mcwilta01w,7,11.135294117647057,12.670588235294117,10.717647058823529,0
mcwilta01w,8,14.350000000000001,11.135294117647057,12.670588235294117,0
mcwilta01w,9,10.034482758620689,14.350000000000001,11.135294117647057,0
mcwilta01w,10,12.32121212121212,10.034482758620689,14.350000000000001,0
mcwilta01w,11,9.264705882352942,12.32121212121212,10.034482758620689,0
melvich01w,1,0.0,0.0,0.0,0
melvich01w,2,6.762499999999999,0.0,0.0,0
melvich01w,3,7.696296296296296,6.762499999999999,0.0,0
melvich01w,4,7.774999999999999,7.696296296296296,6.762499999999999,0
melvich01w,5,8.176470588235295,7.774999999999999,7.696296296296296,0
melvich01w,6,4.388235294117646,8.176470588235295,7.774999999999999,0
melvich01w,7,7.258823529411764,4.388235294117646,8.176470588235295,0
melvich01w,8,9.229411764705883,7.258823529411764,4.388235294117646,0
melvich01w,9,9.76875,9.229411764705883,7.258823529411764,0
melvich01w,10,6.482352941176469,9.76875,9.229411764705883,0
mendigi01w,5,0.0,0.0,0.0,0
miaomi01w,6,0.0,0.0,0.0,0
millebr01w,10,0.0,0.0,0.0,0
milleco01w,2,0.0,0.0,0.0,0
milleco01w,3,0.94,0.0,0.0,0
milleco01w,4,4.94375,0.94,0.0,0
milleco01w,5,5.709090909090909,4.94375,0.94,0
milleco01w,6,2.29090909090909,5.709090909090909,4.94375,0
milleco01w,7,2.9941176470588236,2.29090909090909,5.709090909090909,0
milleco01w,8,4.300000000000001,2.9941176470588236,2.29090909090909,0
milleco01w,9,2.493333333333333,4.300000000000001,2.9941176470588236,0
milleco01w,10,3.7352941176470584,2.493333333333333,4.300000000000001,0
milleco01w,11,1.852941176470588,3.7352941176470584,2.493333333333333,0
milleke01w,2,0.0,0.0,0.0,0
milleke01w,3,1.7923076923076926,0.0,0.0,0
milleke01w,4,3.45625,1.7923076923076926,0.0,0
milleke01w,5,2.2823529411764705,3.45625,1.7923076923076926,0
milleke01w,6,4.988235294117647,2.2823529411764705,3.45625,0
milleke01w,7,4.299999999999999,4.988235294117647,2.2823529411764705,0
milleke01w,8,7.214814814814815,4.299999999999999,4.988235294117647,0
milleke01w,9,7.164705882352943,7.214814814814815,4.299999999999999,0
milleke01w,10,5.458823529411765,7.164705882352943,7.214814814814815,0
milleke01w,11,3.1999999999999997,5.458823529411765,7.164705882352943,0
millsta01w,1,0.0,0.0,0.0,0
millsta01w,2,2.2903225806451606,0.0,0.0,0
millsta01w,3,3.4666666666666663,2.2903225806451606,0.0,0
millsta01w,4,0.8999999999999999,3.4666666666666663,2.2903225806451606,0
millsta01w,8,0.8275862068965516,0.8999999999999999,3.4666666666666663,0
miltode01w,1,0.0,0.0,0.0,0
miltode01w,2,9.337499999999999,0.0,0.0,0
miltode01w,3,9.587499999999999,9.337499999999999,0.0,0
miltode01w,4,10.975,9.587499999999999,9.337499999999999,0
miltode01w,5,12.387096774193548,10.975,9.587499999999999,0
miltode01w,6,7.052631578947368,12.387096774193548,10.975,0
miltode01w,7,8.981818181818182,7.052631578947368,12.387096774193548,0
miltode01w,8,8.104347826086956,8.981818181818182,7.052631578947368,0
miltode01w,9,11.335294117647058,8.104347826086956,8.981818181818182,0
miltode01w,10,8.522580645161291,11.335294117647058,8.104347826086956,0
miltode01w,11,7.375757575757575,8.522580645161291,11.335294117647058,0
mitchle01w,9,0.0,0.0,0.0,0
mitchle01w,10,2.4235294117647057,0.0,0.0,0
mitchle01w,11,1.0058823529411764,2.4235294117647057,0.0,0
moeggli01w,7,0.0,0.0,0.0,0
moeggli01w,8,3.081481481481481,0.0,0.0,0
moisead01w,2,0.0,0.0,0.0,0
moisead01w,3,3.7428571428571438,0.0,0.0,0
moisead01w,8,3.59375,3.7428571428571438,0.0,0
monroja01w,11,0.0,0.0,0.0,0
montaan01w,10,0.0,0.0,0.0,0
montgal01w,11,0.0,0.0,0.0,0
montgre01w,10,0.0,0.0,0.0,0
montgre01w,11,3.976470588235294,0.0,0.0,0
mooreja01w,3,0.0,0.0,0.0,0
mooreje01w,6,0.0,0.0,0.0,0
mooreje01w,7,-0.11428571428571432,0.0,0.0,0
mooreje01w,8,3.6058823529411757,-0.11428571428571432,0.0,0
mooreje01w,9,2.4689655172413794,3.6058823529411757,-0.11428571428571432,0
mooreje01w,10,1.0000000000000002,2.4689655172413794,3.6058823529411757,0
mooreje01w,11,3.1999999999999997,1.0000000000000002,2.4689655172413794,0
moorelo01w,6,0.0,0.0,0.0,0
moorelo01w,7,2.0999999999999996,0.0,0.0,0
moorelo01w,8,8.405882352941177,2.0999999999999996,0.0,0
moorelo01w,9,9.047058823529412,8.405882352941177,2.0999999999999996,0
moorelo01w,10,7.013793103448276,9.047058823529412,8.405882352941177,0
moorema01w,11,0.0,0.0,0.0,0
moorena01w,8,0.0,0.0,0.0,0
moorena01w,9,0.3157894736842104,0.0,0.0,0
mooreta01w,3,0.0,0.0,0.0,0
mooreta01w,4,4.083870967741936,0.0,0.0,0
mooreta01w,5,2.2538461538461543,4.083870967741936,0.0,0
mooreta01w,6,2.6125,2.2538461538461543,4.083870967741936,0
mooreta01w,7,0.34285714285714286,2.6125,2.2538461538461543,0
mooreta01w,8,4.152941176470589,0.34285714285714286,2.6125,0
moosca01w,3,0.0,0.0,0.0,0
mosbybe01w,8,0.0,0.0,0.0,0
mosbybe01w,9,3.8428571428571425,0.0,0.0,0
mosbybe01w,10,2.65,3.8428571428571425,0.0,0
moweje01w,2,0.0,0.0,0.0,0
moweje01w,3,0.1200000000000001,0.0,0.0,0
moweje01w,4,-0.36,0.1200000000000001,0.0,0
mulitna01w,1,0.0,0.0,0.0,0
murphsh01w,8,0.0,0.0,0.0,0
murphsh01w,9,4.68125,0.0,0.0,0
murphsh01w,10,2.011764705882353,4.68125,0.0,0
murphsh01w,11,1.7666666666666666,2.011764705882353,4.68125,0
nagyan01w,1,0.0,0.0,0.0,0
nagyan01w,2,3.8086956521739124,0.0,0.0,0
nagyan01w,3,-0.09565217391304337,3.8086956521739124,0.0,0
nanch01w,10,0.0,0.0,0.0,0
ndiayas01w,1,0.0,0.0,0.0,0
ndiayas01w,2,7.824999999999999,0.0,0.0,0
ndiayas01w,3,7.6625,7.824999999999999,0.0,0
ndiayas01w,4,6.387499999999999,7.6625,7.824999999999999,0
ndiayas01w,5,2.254545454545455,6.387499999999999,7.6625,0
ndiayas01w,7,1.5199999999999998,2.254545454545455,6.387499999999999,0
ndiayas01w,8,2.454545454545455,1.5199999999999998,2.254545454545455,0
ndongem01w,7,0.0,0.0,0.0,0
nemcoev01w,1,0.0,0.0,0.0,0
nemcoev01w,2,5.799999999999999,0.0,0.0,0
nevescl01w,1,0.0,0.0,0.0,0
nevescl01w,2,3.5666666666666664,0.0,0.0,0
nevescl01w,3,3.4909090909090907,3.5666666666666664,0.0,0
newtoch01w,6,0.0,0.0,0.0,0
newtoch01w,7,1.9764705882352942,0.0,0.0,0
newtoch01w,8,5.118518518518518,1.9764705882352942,0.0,0
newtoch01w,9,2.452941176470588,5.118518518518518,1.9764705882352942,0
newtoch01w,10,2.9999999999999996,2.452941176470588,5.118518518518518,0
ngarsch01w,7,0.0,0.0,0.0,0
ngoyibe01w,3,0.0,0.0,0.0,0
ngoyibe01w,6,1.1428571428571428,0.0,0.0,0
ngoyibe01w,7,1.8153846153846156,1.1428571428571428,0.0,0
ngoyibe01w,9,5.699999999999999,1.8153846153846156,1.1428571428571428,0
nieuwma01w,6,0.0,0.0,0.0,0
nnamach01w,9,0.0,0.0,0.0,0
nolande01w,2,0.0,0.0,0.0,0
nolande01w,3,3.0962962962962957,0.0,0.0,0
nolande01w,4,4.231249999999999,3.0962962962962957,0.0,0
nolande01w,5,6.699999999999999,4.231249999999999,3.0962962962962957,0
nolande01w,6,9.052941176470586,6.699999999999999,4.231249999999999,0
nolande01w,7,9.58181818181818,9.052941176470586,6.699999999999999,0
nolande01w,8,7.870588235294116,9.58181818181818,9.052941176470586,0
nolande01w,9,8.223529411764705,7.870588235294116,9.58181818181818,0
nolande01w,10,6.988235294117647,8.223529411764705,7.870588235294116,0
nygaava01w,1,0.0,0.0,0.0,0
nygaava01w,2,3.3812499999999996,0.0,0.0,0
nygaava01w,3,0.5161290322580645,3.3812499999999996,0.0,0
nygaava01w,4,2.2896551724137932,0.5161290322580645,3.3812499999999996,0
ogayu01w,9,0.0,0.0,0.0,0
oheaje01w,11,0.0,0.0,0.0,0
ohldeni01w,5,0.0,0.0,0.0,0
ohldeni01w,6,7.876470588235293,0.0,0.0,0
ohldeni01w,7,7.288235294117647,7.876470588235293,0.0,0
ohldeni01w,8,7.029411764705882,7.288235294117647,7.876470588235293,0
ohldeni01w,9,6.282352941176469,7.029411764705882,7.288235294117647,0
ohldeni01w,10,3.5411764705882356,6.282352941176469,7.029411764705882,0
olajuab01w,11,0.0,0.0,0.0,0
oneilkr01w,9,0.0,0.0,0.0,0
osipoir01w,7,0.0,0.0,0.0,0
owenhe01w,1,0.0,0.0,0.0,0
owenssh01w,1,0.0,0.0,0.0,0
owenssh01w,3,3.4322580645161285,0.0,0.0,0
pageda01w,9,0.0,0.0,0.0,0
pagemu01w,1,0.0,0.0,0.0,0
pagemu01w,2,8.7375,0.0,0.0,0
pagemu01w,3,8.95,8.7375,0.0,0
pagemu01w,4,5.59375,8.95,8.7375,0
pagemu01w,5,5.394117647058824,5.59375,8.95,0
pagemu01w,6,5.757575757575756,5.394117647058824,5.59375,0
pagemu01w,7,3.135294117647059,5.757575757575756,5.394117647058824,0
pagemu01w,8,4.447058823529412,3.135294117647059,5.757575757575756,0
pagemu01w,9,3.68235294117647,4.447058823529412,3.135294117647059,0
paigeyo01w,6,0.0,0.0,0.0,0
paliesa01w,7,0.0,0.0,0.0,0
palmewe01w,1,0.0,0.0,0.0,0
palmewe01w,2,7.2125,0.0,0.0,0
palmewe01w,3,8.990909090909089,7.2125,0.0,0
palmewe01w,4,8.056249999999999,8.990909090909089,7.2125,0
palmewe01w,5,3.2562499999999996,8.056249999999999,8.990909090909089,0
palmewe01w,6,6.678787878787878,3.2562499999999996,8.056249999999999,0
palmewe01w,7,6.811764705882354,6.678787878787878,3.2562499999999996,0
palmewe01w,8,9.92,6.811764705882354,6.678787878787878,0
parisco01w,10,0.0,0.0,0.0,0
parisco01w,11,5.0242424242424235,0.0,0.0,0
parkeca01w,9,0.0,0.0,0.0,0
parkeca01w,10,16.98787878787879,0.0,0.0,0
parkeca01w,11,15.632000000000001,16.98787878787879,0.0,0
pascafl01w,9,0.0,0.0,0.0,0
pavlimi01w,2,0.0,0.0,0.0,0
pavlimi01w,4,1.12,0.0,0.0,0
payeka01w,1,0.0,0.0,0.0,0
payeka01w,2,0.8214285714285712,0.0,0.0,0
payeka01w,3,2.5374999999999996,0.8214285714285712,0.0,0
pederka01w,11,0.0,0.0,0.0,0
penicti01w,1,0.0,0.0,0.0,0
penicti01w,2,8.593333333333334,0.0,0.0,0
penicti01w,3,7.878260869565215,8.593333333333334,0.0,0
penicti01w,4,11.141666666666667,7.878260869565215,8.593333333333334,0
penicti01w,5,7.405882352941176,11.141666666666667,7.878260869565215,0
penicti01w,6,7.709090909090909,7.405882352941176,11.141666666666667,0
penicti01w,7,6.129411764705882,7.709090909090909,7.405882352941176,0
penicti01w,8,6.799999999999999,6.129411764705882,7.709090909090909,0
penicti01w,9,5.925,6.799999999999999,6.129411764705882,0
penicti01w,10,7.50909090909091,5.925,6.799999999999999,0
penicti01w,11,5.006666666666667,7.50909090909091,5.925,0
pennjo01w,4,0.0,0.0,0.0,0
pennjo01w,5,2.713333333333334,0.0,0.0,0
perkiji01w,5,0.0,0.0,0.0,0
perkiji01w,6,2.65,0.0,0.0,0
perkiji01w,7,3.76,2.65,0.0,0
perkiji01w,8,7.046666666666667,3.76,2.65,0
perkiji01w,9,7.000000000000001,7.046666666666667,3.76,0
perkiji01w,10,8.83529411764706,7.000000000000001,7.046666666666667,0
perkiji01w,11,8.594117647058823,8.83529411764706,7.000000000000001,0
pettibr01w,1,0.0,0.0,0.0,0
pettibr01w,2,3.46875,0.0,0.0,0
pettibr01w,3,3.65625,3.46875,0.0,0
pettibr01w,4,1.525,3.65625,3.46875,0
pettibr01w,7,0.6387096774193548,1.525,3.65625,0
philler01w,7,0.0,0.0,0.0,0
philler01w,9,4.135294117647058,0.0,0.0,0
philler01w,10,3.425,4.135294117647058,0.0,0
philler01w,11,6.456250000000001,3.425,4.135294117647058,0
phillpo01w,11,0.0,0.0,0.0,0
phillta01w,1,0.0,0.0,0.0,0
phillta01w,2,13.077419354838709,0.0,0.0,0
phillta01w,3,11.7625,13.077419354838709,0.0,0
phillta01w,4,11.143749999999999,11.7625,13.077419354838709,0
phillta01w,5,13.393939393939393,11.143749999999999,11.7625,0
phillta01w,6,8.076923076923078,13.393939393939393,11.143749999999999,0
phillta01w,7,2.7437500000000004,8.076923076923078,13.393939393939393,0
phillta01w,8,2.685714285714286,2.7437500000000004,8.076923076923078,0
phillta02w,11,0.0,0.0,0.0,0
phillta02w,11,0.0,0.0,0.0,0
pierspl01w,4,0.0,0.0,0.0,0
pierspl01w,5,2.7878787878787885,0.0,0.0,0
pierspl01w,6,5.393548387096773,2.7878787878787885,0.0,0
pierspl01w,7,4.6342857142857135,5.393548387096773,2.7878787878787885,0
pierspl01w,8,4.6,4.6342857142857135,5.393548387096773,0
pierspl01w,9,7.717647058823528,4.6,4.6342857142857135,0
pierspl01w,10,7.292857142857144,7.717647058823528,4.6,0
pierspl01w,11,3.0,7.292857142857144,7.717647058823528,0
pohleje01w,11,0.0,0.0,0.0,0
pondeca01w,7,0.0,0.0,0.0,0
pondeca01w,8,5.10625,0.0,0.0,0
pondeca01w,9,5.754838709677419,5.10625,0.0,0
pondeca01w,10,5.774999999999999,5.754838709677419,5.10625,0
pondeca01w,11,5.6117647058823525,5.774999999999999,5.754838709677419,0
potthan01w,1,0.0,0.0,0.0,0
powelel01w,1,0.0,0.0,0.0,0
powelel01w,2,3.8499999999999996,0.0,0.0,0
powelel01w,3,6.706250000000001,3.8499999999999996,0.0,0
powelel01w,4,7.233333333333333,6.706250000000001,3.8499999999999996,0
powelel01w,5,6.521212121212121,7.233333333333333,6.706250000000001,0
powelel01w,6,5.26,6.521212121212121,7.233333333333333,0
powelel01w,7,4.448275862068964,5.26,6.521212121212121,0
powelel01w,8,2.584,4.448275862068964,5.26,0
powelel01w,9,1.49375,2.584,4.448275862068964,0
powelni01w,5,0.0,0.0,0.0,0
powelni01w,6,3.264516129032258,0.0,0.0,0
powelni01w,7,6.317647058823528,3.264516129032258,0.0,0
powelni01w,8,6.799999999999999,6.317647058823528,3.264516129032258,0
powelni01w,9,9.829411764705881,6.799999999999999,6.317647058823528,0
powelni01w,10,6.882352941176472,9.829411764705881,6.799999999999999,0
powelni01w,11,10.029411764705882,6.882352941176472,9.829411764705881,0
pricear01w,8,0.0,0.0,0.0,0
pricear01w,9,9.170588235294117,0.0,0.0,0
pricear01w,10,5.970588235294116,9.170588235294117,0.0,0
pricear01w,11,2.9393939393939394,5.970588235294116,9.170588235294117,0
pridely01w,1,0.0,0.0,0.0,0
pridely01w,2,2.5062499999999996,0.0,0.0,0
pridely01w,3,6.94375,2.5062499999999996,0.0,0
pridely01w,4,5.664516129032258,6.94375,2.5062499999999996,0
princep01w,11,0.0,0.0,0.0,0
pringla01w,9,0.0,0.0,0.0,0
pringla01w,10,5.841379310344826,0.0,0.0,0
pringla01w,11,3.4941176470588236,5.841379310344826,0.0,0
queenbr01w,7,0.0,0.0,0.0,0
queenbr01w,9,0.0,0.0,0.0,0
quiglal01w,9,0.0,0.0,0.0,0
quiglal01w,10,1.7285714285714286,0.0,0.0,0
quiglal01w,11,0.0,1.7285714285714286,0.0,0
quinnno01w,8,0.0,0.0,0.0,0
quinnno01w,9,5.288235294117646,0.0,0.0,0
quinnno01w,10,3.6500000000000004,5.288235294117646,0.0,0
quinnno01w,11,6.747058823529412,3.6500000000000004,5.288235294117646,0
quinnte01w,1,0.0,0.0,0.0,0
radunha01w,2,0.0,0.0,0.0,0
raglafe01w,3,0.0,0.0,0.0,0
raglafe01w,4,3.116129032258064,0.0,0.0,0
raglafe01w,5,1.4666666666666666,3.116129032258064,0.0,0
raglafe01w,6,3.3352941176470585,1.4666666666666666,3.116129032258064,0
randase01w,2,0.0,0.0,0.0,0
randase01w,3,5.5,0.0,0.0,0
randase01w,4,4.613793103448277,5.5,0.0,0
randase01w,5,1.6848484848484844,4.613793103448277,5.5,0
rasmukr01w,1,0.0,0.0,0.0,0
rasmukr01w,2,6.6,0.0,0.0,0
rasmukr01w,3,4.235714285714286,6.6,0.0,0
rasmukr01w,4,5.270967741935484,4.235714285714286,6.6,0
rasmukr01w,5,5.303030303030303,5.270967741935484,4.235714285714286,0
rasmukr01w,6,5.321212121212122,5.303030303030303,5.270967741935484,0
rasmukr01w,7,3.9703703703703708,5.321212121212122,5.303030303030303,0
rasmukr01w,8,8.51764705882353,3.9703703703703708,5.321212121212122,0
rasmukr01w,9,2.9757575757575747,8.51764705882353,3.9703703703703708,0
raymost01w,8,0.0,0.0,0.0,0
reddja01w,1,0.0,0.0,0.0,0
reddja01w,2,2.3076923076923084,0.0,0.0,0
reddja01w,3,1.6999999999999993,2.3076923076923084,0.0,0
reedbr01w,1,0.0,0.0,0.0,0
reedbr01w,2,12.8875,0.0,0.0,0
reedbr01w,3,3.5999999999999996,12.8875,0.0,0
reedch01w,11,0.0,0.0,0.0,0
reidtr01w,1,0.0,0.0,0.0,0
reidtr01w,2,4.586206896551724,0.0,0.0,0
reidtr01w,3,3.4000000000000004,4.586206896551724,0.0,0
reidtr01w,4,5.558333333333334,3.4000000000000004,4.586206896551724,0
rileyan01w,11,0.0,0.0,0.0,0
rileyru01w,2,0.0,0.0,0.0,0
rileyru01w,3,6.75,0.0,0.0,0
rileyru01w,4,5.23076923076923,6.75,0.0,0
rileyru01w,5,8.947058823529414,5.23076923076923,6.75,0
rileyru01w,6,9.317647058823528,8.947058823529414,5.23076923076923,0
rileyru01w,7,6.581818181818181,9.317647058823528,8.947058823529414,0
rileyru01w,8,7.058823529411764,6.581818181818181,9.317647058823528,0
rileyru01w,9,8.753333333333334,7.058823529411764,6.581818181818181,0
rileyru01w,10,5.086666666666666,8.753333333333334,7.058823529411764,0
rileyru01w,11,6.774193548387095,5.086666666666666,8.753333333333334,0
rizzoje01w,1,0.0,0.0,0.0,0
rizzoje01w,2,1.6937499999999996,0.0,0.0,0
rizzoje01w,3,2.65625,1.6937499999999996,0.0,0
rizzoje01w,4,4.0769230769230775,2.65625,1.6937499999999996,0
robinas01w,5,0.0,0.0,0.0,0
robinas01w,6,1.9789473684210526,0.0,0.0,0
robinas01w,7,4.752941176470587,1.9789473684210526,0.0,0
robinas01w,8,3.3310344827586214,4.752941176470587,1.9789473684210526,0
robinas01w,9,4.878787878787878,3.3310344827586214,4.752941176470587,0
robinas01w,10,3.042424242424242,4.878787878787878,3.3310344827586214,0
robinas01w,11,1.1461538461538459,3.042424242424242,4.878787878787878,0
robincr01w,1,0.0,0.0,0.0,0
robincr01w,2,3.577777777777777,0.0,0.0,0
robincr01w,3,4.262499999999999,3.577777777777777,0.0,0
robincr01w,4,5.543749999999999,4.262499999999999,3.577777777777777,0
robincr01w,5,4.121212121212121,5.543749999999999,4.262499999999999,0
robincr01w,6,3.9499999999999993,4.121212121212121,5.543749999999999,0
robincr01w,7,3.34375,3.9499999999999993,4.121212121212121,0
robincr01w,8,3.7037037037037037,3.34375,3.9499999999999993,0
robinda01w,11,0.0,0.0,0.0,0
robinre01w,1,0.0,0.0,0.0,0
rolanja01w,1,0.0,0.0,0.0,0
rossad01w,9,0.0,0.0,0.0,0
rushle01w,9,0.0,0.0,0.0,0
salesny01w,1,0.0,0.0,0.0,0
salesny01w,2,7.493749999999999,0.0,0.0,0
salesny01w,3,9.98125,7.493749999999999,0.0,0
salesny01w,4,7.53125,9.98125,7.493749999999999,0
salesny01w,5,6.794117647058824,7.53125,9.98125,0
salesny01w,6,8.970588235294118,6.794117647058824,7.53125,0
salesny01w,7,7.523529411764704,8.970588235294118,6.794117647058824,0
salesny01w,8,6.609090909090908,7.523529411764704,8.970588235294118,0
sampsch01w,1,0.0,0.0,0.0,0
samsh01w,1,0.0,0.0,0.0,0
samsh01w,2,6.658064516129033,0.0,0.0,0
samsh01w,3,8.7,6.658064516129033,0.0,0
samsh01w,4,10.0625,8.7,6.658064516129033,0
samsh01w,5,6.658823529411766,10.0625,8.7,0
samsh01w,6,6.758823529411766,6.658823529411766,10.0625,0
samsh01w,7,6.5588235294117645,6.758823529411766,6.658823529411766,0
samsh01w,8,8.805882352941175,6.5588235294117645,6.758823529411766,0
samsh01w,9,4.769696969696969,8.805882352941175,6.5588235294117645,0
sanchis01w,5,0.0,0.0,0.0,0
sandeam01w,8,0.0,0.0,0.0,0
sanfona01w,4,0.0,0.0,0.0,0
sanfona01w,5,0.5411764705882356,0.0,0.0,0
sanfona01w,6,5.541935483870967,0.5411764705882356,0.0,0
sanfona01w,7,2.0740740740740744,5.541935483870967,0.5411764705882356,0
sanfona01w,8,7.4,2.0740740740740744,5.541935483870967,0
sanfona01w,9,8.423529411764704,7.4,2.0740740740740744,0
sanfona01w,10,5.252941176470587,8.423529411764704,7.4,0
sanfona01w,11,5.1000000000000005,5.252941176470587,8.423529411764704,0
sanniol01w,9,0.0,0.0,0.0,0
sanniol01w,10,2.0903225806451613,0.0,0.0,0
sanniol01w,11,1.7870967741935482,2.0903225806451613,0.0,0
santoal01w,1,0.0,0.0,0.0,0
santoal01w,2,0.19999999999999996,0.0,0.0,0
santoke01w,2,0.0,0.0,0.0,0
santoke01w,3,1.7428571428571424,0.0,0.0,0
santoke01w,9,3.7833333333333323,1.7428571428571424,0.0,0
sarenra01w,1,0.0,0.0,0.0,0
sauerpa01w,1,0.0,0.0,0.0,0
sauerpa01w,2,1.4333333333333327,0.0,0.0,0
sauerpa01w,3,1.7000000000000002,1.4333333333333327,0.0,0
saundja01w,2,0.0,0.0,0.0,0
saundja01w,3,2.3571428571428568,0.0,0.0,0
saureau01w,2,0.0,0.0,0.0,0
saureau01w,3,3.656,0.0,0.0,0
schumke01w,2,0.0,0.0,0.0,0
schumke01w,3,4.142857142857143,0.0,0.0,0
schumke01w,4,2.8645161290322583,4.142857142857143,0.0,0
schumke01w,5,3.6705882352941175,2.8645161290322583,4.142857142857143,0
schumke01w,6,4.68125,3.6705882352941175,2.8645161290322583,0
schumke01w,7,2.958823529411765,4.68125,3.6705882352941175,0
schumke01w,8,6.2,2.958823529411765,4.68125,0
schumke01w,9,6.21764705882353,6.2,2.958823529411765,0
schumke01w,10,3.285714285714285,6.21764705882353,6.2,0
schwege01w,2,0.0,0.0,0.0,0
schwege01w,3,2.958333333333333,0.0,0.0,0
schwege01w,4,2.3066666666666666,2.958333333333333,0.0,0
scottol01w,1,0.0,0.0,0.0,0
scottol01w,2,2.4642857142857144,0.0,0.0,0
scottol01w,3,5.475,2.4642857142857144,0.0,0
scottol01w,5,8.587096774193547,5.475,2.4642857142857144,0
scottol01w,6,1.5588235294117645,8.587096774193547,5.475,0
scottol01w,7,1.588888888888889,1.5588235294117645,8.587096774193547,0
scottol01w,8,1.695238095238095,1.588888888888889,1.5588235294117645,0
scottol01w,9,1.225,1.695238095238095,1.588888888888889,0
shakiel01w,1,0.0,0.0,0.0,0
shakiel01w,2,3.157142857142857,0.0,0.0,0
shakiel01w,3,2.0384615384615383,3.157142857142857,0.0,0
sharpkb01w,4,0.0,0.0,0.0,0
sharpkb01w,5,2.1799999999999997,0.0,0.0,0
sharpkb01w,7,1.2733333333333332,2.1799999999999997,0.0,0
sharpkb01w,8,1.2521739130434784,1.2733333333333332,2.1799999999999997,0
sharpkb01w,9,1.776470588235294,1.2521739130434784,1.2733333333333332,0
sharpkb01w,10,2.0294117647058822,1.776470588235294,1.2521739130434784,0
shielas01w,8,0.0,0.0,0.0,0
shielas01w,9,1.7923076923076926,0.0,0.0,0
slaisma01w,1,0.0,0.0,0.0,0
slauggw01w,5,0.0,0.0,0.0,0
slavtge01w,4,0.0,0.0,0.0,0
smithai01w,4,0.0,0.0,0.0,0
smithai01w,5,2.7419354838709675,0.0,0.0,0
smithbr01w,9,0.0,0.0,0.0,0
smithbr01w,10,2.6199999999999988,0.0,0.0,0
smithch02w,1,0.0,0.0,0.0,0
smithch02w,2,3.94,0.0,0.0,0
smithch02w,3,4.073333333333334,3.94,0.0,0
smithch02w,4,4.0375,4.073333333333334,3.94,0
smithch02w,5,1.9259259259259256,4.0375,4.073333333333334,0
smithch02w,6,4.052941176470587,1.9259259259259256,4.0375,0
smithch02w,7,4.370588235294118,4.052941176470587,1.9259259259259256,0
smithch03w,1,0.0,0.0,0.0,0
smithch03w,2,1.8250000000000002,0.0,0.0,0
smithch03w,4,2.09375,1.8250000000000002,0.0,0
smithcr01w,7,0.0,0.0,0.0,0
smithcr01w,8,2.321739130434783,0.0,0.0,0
smithcr01w,9,4.503703703703703,2.321739130434783,0.0,0
smithje01w,6,0.0,0.0,0.0,0
smithka01w,1,0.0,0.0,0.0,0
smithka01w,2,5.831250000000001,0.0,0.0,0
smithka01w,3,4.10625,5.831250000000001,0.0,0
smithka01w,4,4.3032258064516125,4.10625,5.831250000000001,0
smithka01w,5,4.135294117647058,4.3032258064516125,4.10625,0
smithka01w,6,5.165217391304347,4.135294117647058,4.3032258064516125,0
smithka01w,7,3.5166666666666666,5.165217391304347,4.135294117647058,0
smithka01w,8,3.394117647058824,3.5166666666666666,5.165217391304347,0
smithka01w,9,6.017647058823528,3.394117647058824,3.5166666666666666,0
smithka01w,10,4.258823529411765,6.017647058823528,3.394117647058824,0
smithka01w,11,2.7259259259259254,4.258823529411765,6.017647058823528,0
smithki01w,7,0.0,0.0,0.0,0
smithki01w,8,1.3161290322580643,0.0,0.0,0
smithki01w,9,0.4666666666666666,1.3161290322580643,0.0,0
smithla01w,1,0.0,0.0,0.0,0
smithta01w,1,0.0,0.0,0.0,0
smithta01w,2,10.14375,0.0,0.0,0
smithta01w,3,10.024999999999999,10.14375,0.0,0
smithta01w,4,8.51875,10.024999999999999,10.14375,0
smithta01w,5,9.247058823529413,8.51875,10.024999999999999,0
smithta01w,6,7.164705882352941,9.247058823529413,8.51875,0
smithta01w,7,9.883870967741936,7.164705882352941,9.247058823529413,0
smithta01w,8,8.735294117647058,9.883870967741936,7.164705882352941,0
smithta01w,9,11.617647058823527,8.735294117647058,9.883870967741936,0
smithta01w,10,10.208,11.617647058823527,8.735294117647058,0
smithta01w,11,9.664705882352942,10.208,11.617647058823527,0
smithty01w,8,0.0,0.0,0.0,0
smithwa01w,9,0.0,0.0,0.0,0
snellbe01w,6,0.0,0.0,0.0,0
snellbe01w,7,1.76,0.0,0.0,0
snellbe01w,8,2.326666666666666,1.76,0.0,0
snellbe01w,10,3.0733333333333333,2.326666666666666,1.76,0
snellbe01w,11,4.033333333333333,3.0733333333333333,2.326666666666666,0
snowmi01w,3,0.0,0.0,0.0,0
snowmi01w,4,5.3687499999999995,0.0,0.0,0
snowmi01w,5,12.488235294117645,5.3687499999999995,0.0,0
snowmi01w,6,11.348387096774193,12.488235294117645,5.3687499999999995,0
snowmi01w,7,8.666666666666666,11.348387096774193,12.488235294117645,0
snowmi01w,8,11.08235294117647,8.666666666666666,11.348387096774193,0
snowmi01w,9,8.617647058823529,11.08235294117647,8.666666666666666,0
snowmi01w,10,8.264705882352942,8.617647058823529,11.08235294117647,0
snowmi01w,11,5.2941176470588225,8.264705882352942,8.617647058823529,0
spencsi01w,8,0.0,0.0,0.0,0
spencsi01w,9,5.370588235294117,0.0,0.0,0
spencsi01w,10,2.315151515151515,5.370588235294117,0.0,0
spencsi01w,11,1.2606060606060605,2.315151515151515,5.370588235294117,0
spencsi01w,11,0.0,1.2606060606060605,2.315151515151515,0
spornra01w,2,0.0,0.0,0.0,0
stafftr01w,2,0.0,0.0,0.0,0
stafftr01w,3,3.3333333333333335,0.0,0.0,0
staleda01w,1,0.0,0.0,0.0,0
staleda01w,2,3.9187499999999993,0.0,0.0,0
staleda01w,3,5.9125,3.9187499999999993,0.0,0
staleda01w,4,4.50625,5.9125,3.9187499999999993,0
staleda01w,5,4.370588235294117,4.50625,5.9125,0
staleda01w,6,3.5176470588235285,4.370588235294117,4.50625,0
staleda01w,7,3.757575757575758,3.5176470588235285,4.370588235294117,0
stansti01w,7,0.0,0.0,0.0,0
stansti01w,8,2.85,0.0,0.0,0
starbka01w,1,0.0,0.0,0.0,0
starbka01w,2,2.3655172413793104,0.0,0.0,0
starbka01w,3,1.391304347826087,2.3655172413793104,0.0,0
starbka01w,5,2.383333333333333,1.391304347826087,2.3655172413793104,0
stedika01w,1,0.0,0.0,0.0,0
stedika01w,2,2.682758620689655,0.0,0.0,0
stepama01w,1,0.0,0.0,0.0,0
stepama01w,2,3.04,0.0,0.0,0
stepama01w,6,12.13125,3.04,0.0,0
stephst01w,5,0.0,0.0,0.0,0
stevema01w,5,0.0,0.0,0.0,0
stevema01w,6,1.2413793103448278,0.0,0.0,0
stevema01w,7,2.55,1.2413793103448278,0.0,0
stileja01w,2,0.0,0.0,0.0,0
stileja01w,3,2.9812499999999993,0.0,0.0,0
stinsan01w,1,0.0,0.0,0.0,0
stinsan01w,2,9.2875,0.0,0.0,0
stinsan01w,3,8.5125,9.2875,0.0,0
stinsan01w,4,8.91875,8.5125,9.2875,0
stinsan01w,5,7.411764705882353,8.91875,8.5125,0
stinsan01w,6,5.229411764705882,7.411764705882353,8.91875,0
stiresh01w,1,0.0,0.0,0.0,0
stiresh01w,2,0.6095238095238094,0.0,0.0,0
stiresh01w,3,2.133333333333333,0.6095238095238094,0.0,0
stockta01w,2,0.0,0.0,0.0,0
streiju01w,1,0.0,0.0,0.0,0
streiju01w,2,4.155555555555557,0.0,0.0,0
streiju01w,6,8.696296296296296,4.155555555555557,0.0,0
strotan01w,7,0.0,0.0,0.0,0
strotan01w,8,1.25,0.0,0.0,0
strotan01w,9,0.4833333333333332,1.25,0.0,0
summela01w,6,0.0,0.0,0.0,0
summela01w,7,0.6363636363636362,0.0,0.0,0
sun-mju01w,4,0.0,0.0,0.0,0
suttota01w,2,0.0,0.0,0.0,0
suttota01w,3,7.303448275862069,0.0,0.0,0
suttota01w,4,8.225,7.303448275862069,0.0,0
suttota01w,5,7.829411764705881,8.225,7.303448275862069,0
suttota01w,6,11.094117647058823,7.829411764705881,8.225,0
suttota01w,7,7.08235294117647,11.094117647058823,7.829411764705881,0
suttota01w,8,9.806666666666667,7.08235294117647,11.094117647058823,0
suttota01w,9,8.964705882352941,9.806666666666667,7.08235294117647,0
suttota01w,10,9.412121212121212,8.964705882352941,9.806666666666667,0
suttota01w,11,8.837037037037037,9.412121212121212,8.964705882352941,0
swanike01w,9,0.0,0.0,0.0,0
swanike01w,10,2.472,0.0,0.0,0
swanike01w,11,2.442424242424242,2.472,0.0,0
swoopsh01w,1,0.0,0.0,0.0,1
swoopsh01w,3,15.935483870967744,0.0,0.0,1
swoopsh01w,4,14.05,15.935483870967744,0.0,1
swoopsh01w,5,13.116129032258064,14.05,15.935483870967744,0
swoopsh01w,6,9.696774193548388,13.116129032258064,14.05,0
swoopsh01w,7,10.266666666666667,9.696774193548388,13.116129032258064,0
swoopsh01w,8,12.374193548387096,10.266666666666667,9.696774193548388,0
swoopsh01w,9,11.466666666666667,12.374193548387096,10.266666666666667,0
swoopsh01w,11,8.76551724137931,11.466666666666667,12.374193548387096,0
swordca01w,11,0.0,0.0,0.0,0
tateso01w,1,0.0,0.0,0.0,0
tauradi01w,5,0.0,0.0,0.0,0
tauradi01w,6,7.0823529411764685,0.0,0.0,0
tauradi01w,7,6.806060606060607,7.0823529411764685,0.0,0
tauradi01w,8,6.658823529411764,6.806060606060607,7.0823529411764685,0
tauradi01w,9,8.09375,6.658823529411764,6.806060606060607,0
tauradi01w,10,9.158823529411766,8.09375,6.658823529411764,0
tauradi01w,11,10.083870967741936,9.158823529411766,8.09375,0
tayloli01w,5,0.0,0.0,0.0,0
taylope01w,2,0.0,0.0,0.0,0
taylope01w,3,6.731249999999999,0.0,0.0,0
taylope01w,4,8.553333333333331,6.731249999999999,0.0,0
taylope01w,5,7.605882352941176,8.553333333333331,6.731249999999999,0
taylope01w,6,8.121212121212121,7.605882352941176,8.553333333333331,0
taylope01w,7,6.689655172413793,8.121212121212121,7.605882352941176,0
taylope01w,8,9.18,6.689655172413793,8.121212121212121,0
taylope01w,10,9.817647058823532,9.18,6.689655172413793,0
taylope01w,11,4.771428571428571,9.817647058823532,9.18,0
teaslni01w,3,0.0,0.0,0.0,0
teaslni01w,4,4.0875,0.0,0.0,0
teaslni01w,5,8.5,4.0875,0.0,0
teaslni01w,6,5.68235294117647,8.5,4.0875,0
teaslni01w,7,5.4,5.68235294117647,8.5,0
teaslni01w,8,5.288235294117648,5.4,5.68235294117647,0
teaslni01w,10,2.684848484848484,5.288235294117648,5.4,0
teilaza01w,7,0.0,0.0,0.0,0
terryka01w,7,0.0,0.0,0.0,0
terryka01w,8,0.8800000000000003,0.0,0.0,0
terryka01w,9,1.1999999999999997,0.8800000000000003,0.0,0
thomaca01w,8,0.0,0.0,0.0,0
thomach01w,5,0.0,0.0,0.0,0
thomach01w,6,4.70967741935484,0.0,0.0,0
thomach01w,7,2.9312500000000004,4.70967741935484,0.0,0
thomach01w,8,6.651851851851851,2.9312500000000004,4.70967741935484,0
thomach01w,9,5.288235294117646,6.651851851851851,2.9312500000000004,0
thomach01w,10,1.85,5.288235294117646,6.651851851851851,0
thomaja01w,11,0.0,0.0,0.0,0
thomakr01w,11,0.0,0.0,0.0,0
thomakr01w,11,0.0,0.0,0.0,0
thomala01w,4,0.0,0.0,0.0,0
thomala01w,5,7.649999999999999,0.0,0.0,0
thomala01w,6,5.27741935483871,7.649999999999999,0.0,0
thomala01w,7,3.647619047619047,5.27741935483871,7.649999999999999,0
thomala01w,8,5.54736842105263,3.647619047619047,5.27741935483871,0
thomala01w,9,1.896296296296296,5.54736842105263,3.647619047619047,0
thomast01w,1,0.0,0.0,0.0,0
thomast01w,2,7.81875,0.0,0.0,0
thomast01w,3,4.28125,7.81875,0.0,0
thomast01w,4,6.275,4.28125,7.81875,0
thomast01w,5,3.5199999999999996,6.275,4.28125,0
thomast01w,6,0.0,3.5199999999999996,6.275,0
thompal01w,1,0.0,0.0,0.0,0
thompal01w,2,5.916129032258064,0.0,0.0,0
thompal01w,3,4.209090909090909,5.916129032258064,0.0,0
thompal01w,5,3.077777777777778,4.209090909090909,5.916129032258064,0
thompal01w,6,1.643478260869565,3.077777777777778,4.209090909090909,0
thompti01w,1,0.0,0.0,0.0,0
thompti01w,2,12.40625,0.0,0.0,0
thompti01w,3,11.219999999999999,12.40625,0.0,0
thompti01w,4,10.324137931034482,11.219999999999999,12.40625,0
thompti01w,5,8.321428571428571,10.324137931034482,11.219999999999999,0
thompti01w,6,8.93846153846154,8.321428571428571,10.324137931034482,0
thompti01w,7,5.359999999999999,8.93846153846154,8.321428571428571,0
thompti01w,8,8.314285714285715,5.359999999999999,8.93846153846154,0
thompti01w,9,10.170588235294117,8.314285714285715,5.359999999999999,0
thompti01w,10,10.486666666666668,10.170588235294117,8.314285714285715,0
thompti01w,11,8.641176470588235,10.486666666666668,10.170588235294117,0
thorbsh01w,7,0.0,0.0,0.0,0
thorbsh01w,8,1.209090909090909,0.0,0.0,0
thorner01w,4,0.0,0.0,0.0,0
thorner01w,5,0.834782608695652,0.0,0.0,0
thorner01w,6,1.0941176470588234,0.834782608695652,0.0,0
thorner01w,7,0.8,1.0941176470588234,0.834782608695652,0
thorner01w,8,1.6148148148148147,0.8,1.0941176470588234,0
thorner01w,9,4.8758620689655165,1.6148148148148147,0.8,0
thorner01w,10,0.84375,4.8758620689655165,1.6148148148148147,0
thorner01w,11,2.694117647058823,0.84375,4.8758620689655165,0
threaro01w,1,0.0,0.0,0.0,0
tilliic01w,5,0.0,0.0,0.0,0
tilliic01w,7,2.154838709677419,0.0,0.0,0
tilliic01w,8,2.3200000000000003,2.154838709677419,0.0,0
timmsmi01w,1,0.0,0.0,0.0,0
timmsmi01w,2,5.775,0.0,0.0,0
tolivkr01w,10,0.0,0.0,0.0,0
tolivkr01w,11,1.7555555555555555,0.0,0.0,0
torniel01w,1,0.0,0.0,0.0,0
torniel01w,2,5.375,0.0,0.0,0
torrele01w,2,0.0,0.0,0.0,0
traviti01w,1,0.0,0.0,0.0,0
tremich01w,1,0.0,0.0,0.0,0
turneba01w,7,0.0,0.0,0.0,0
turneba01w,8,2.888235294117646,0.0,0.0,0
turneba01w,9,2.6090909090909093,2.888235294117646,0.0,0
turneba01w,10,3.870588235294117,2.6090909090909093,2.888235294117646,0
tuvicsl01w,2,0.0,0.0,0.0,0
tuvicsl01w,3,3.6200000000000006,0.0,0.0,0
tuvicsl01w,4,2.6000000000000005,3.6200000000000006,0.0,0
tuvicsl01w,5,4.670588235294117,2.6000000000000005,3.6200000000000006,0
udokamf01w,4,0.0,0.0,0.0,0
udokamf01w,5,1.568,0.0,0.0,0
ujhelpe01w,4,0.0,0.0,0.0,0
umoh-it01w,4,0.0,0.0,0.0,0
valdeam01w,1,0.0,0.0,0.0,0
vandeco01w,11,0.0,0.0,0.0,0
vangomi01w,1,0.0,0.0,0.0,0
vangomi01w,2,1.0857142857142856,0.0,0.0,0
vangomi01w,3,1.1727272727272726,1.0857142857142856,0.0,0
vangomi01w,4,2.8999999999999995,1.1727272727272726,1.0857142857142856,0
vangomi01w,5,3.5935483870967744,2.8999999999999995,1.1727272727272726,0
vaughki01w,10,0.0,0.0,0.0,0
vaughki01w,11,2.1352941176470583,0.0,0.0,0
vaughkr01w,9,0.0,0.0,0.0,0
vealkr01w,2,0.0,0.0,0.0,0
vealkr01w,3,4.1724137931034475,0.0,0.0,0
vilipda01w,7,0.0,0.0,0.0,0
vodicka01w,1,0.0,0.0,0.0,0
vodicka01w,2,5.060869565217391,0.0,0.0,0
vodicka01w,3,3.1448275862068957,5.060869565217391,0.0,0
vodicka01w,4,8.1,3.1448275862068957,5.060869565217391,0
vodicka01w,5,6.164285714285713,8.1,3.1448275862068957,0
vodicka01w,6,6.223529411764706,6.164285714285713,8.1,0
vodicka01w,7,9.9,6.223529411764706,6.164285714285713,0
vodopna01w,6,0.0,0.0,0.0,0
walkeas01w,10,0.0,0.0,0.0,0
walkeay01w,3,0.0,0.0,0.0,0
walkeay01w,4,5.925,0.0,0.0,0
walkeay01w,5,3.064705882352941,5.925,0.0,0
walkeay01w,6,1.6222222222222222,3.064705882352941,5.925,0
walkeay01w,7,4.761904761904762,1.6222222222222222,3.064705882352941,0
walkeay01w,8,2.2479999999999993,4.761904761904762,1.6222222222222222,0
walkede01w,1,0.0,0.0,0.0,0
walkede01w,2,1.746666666666667,0.0,0.0,0
walkede01w,3,3.028571428571429,1.746666666666667,0.0,0
walkede01w,4,7.477419354838709,3.028571428571429,1.746666666666667,0
walkede01w,5,6.023529411764705,7.477419354838709,3.028571428571429,0
walkede01w,6,4.8999999999999995,6.023529411764705,7.477419354838709,0
walkede01w,7,8.381818181818181,4.8999999999999995,6.023529411764705,0
walkede01w,8,5.060869565217391,8.381818181818181,4.8999999999999995,0
walkede01w,9,6.8,5.060869565217391,8.381818181818181,0
walkede01w,10,1.7428571428571427,6.8,5.060869565217391,0
walkede01w,11,5.570588235294118,1.7428571428571427,6.8,0
walkede01w,11,0.0,5.570588235294118,1.7428571428571427,0
walkema01w,9,0.0,0.0,0.0,0
walsema01w,2,0.0,0.0,0.0,0
walsema01w,3,0.09999999999999998,0.0,0.0,0
washico01w,1,0.0,0.0,0.0,0
washico01w,2,2.072,0.0,0.0,0
washico01w,3,9.4875,2.072,0.0,0
washico01w,4,4.4,9.4875,2.072,0
washito01w,1,0.0,0.0,0.0,0
washito01w,2,0.9894736842105265,0.0,0.0,0
washito01w,3,2.086666666666667,0.9894736842105265,0.0,0
washito01w,4,2.104,2.086666666666667,0.9894736842105265,0
wautean01w,1,0.0,0.0,0.0,0
wautean01w,2,5.962499999999999,0.0,0.0,0
wautean01w,3,6.616666666666667,5.962499999999999,0.0,0
wautean01w,5,6.571428571428573,6.616666666666667,5.962499999999999,0
wautean01w,6,3.692307692307693,6.571428571428573,6.616666666666667,0
wautean01w,9,8.207142857142856,3.692307692307693,6.571428571428573,0
wautean01w,10,12.36875,8.207142857142856,3.692307692307693,0
weathte01w,1,0.0,0.0,0.0,0
weathte01w,2,7.837499999999999,0.0,0.0,0
weathte01w,3,7.237500000000001,7.837499999999999,0.0,0
weathte01w,4,4.6,7.237500000000001,7.837499999999999,0
weathte01w,5,4.423529411764706,4.6,7.237500000000001,0
webbum01w,1,0.0,0.0,0.0,0
weberma01w,8,0.0,0.0,0.0,0
weckeke01w,6,0.0,0.0,0.0,0
weckeke01w,7,3.0,0.0,0.0,0
weckeke01w,8,2.8764705882352946,3.0,0.0,0
weckeke01w,9,0.9714285714285715,2.8764705882352946,3.0,0
whaleli01w,5,0.0,0.0,0.0,0
whaleli01w,6,4.935483870967742,0.0,0.0,0
whaleli01w,7,5.694117647058823,4.935483870967742,0.0,0
whaleli01w,8,5.951515151515151,5.694117647058823,4.935483870967742,0
whaleli01w,9,9.83529411764706,5.951515151515151,5.694117647058823,0
whaleli01w,10,8.348387096774193,9.83529411764706,5.951515151515151,0
whaleli01w,11,7.0352941176470605,8.348387096774193,9.83529411764706,0
whitede01w,5,0.0,0.0,0.0,0
whitede01w,6,4.7935483870967746,0.0,0.0,0
whiteer01w,9,0.0,0.0,0.0,0
whiteer01w,10,2.0999999999999996,0.0,0.0,0
whiteta01w,6,0.0,0.0,0.0,0
whiteta01w,7,3.105882352941177,0.0,0.0,0
whiteta01w,8,3.8647058823529408,3.105882352941177,0.0,0
whiteta01w,9,4.705882352941176,3.8647058823529408,3.105882352941177,0
whiteta01w,10,5.763636363636364,4.705882352941176,3.8647058823529408,0
whiteta01w,11,4.946666666666665,5.763636363636364,4.705882352941176,0
whitiva01w,2,0.0,0.0,0.0,0
whitiva01w,3,4.253846153846153,0.0,0.0,0
whitmta01w,1,0.0,0.0,0.0,0
whitmta01w,2,3.40625,0.0,0.0,0
whitmta01w,3,3.6687499999999993,3.40625,0.0,0
whitmta01w,4,7.31875,3.6687499999999993,3.40625,0
whitmta01w,5,5.921212121212121,7.31875,3.6687499999999993,0
whitmta01w,6,2.9470588235294115,5.921212121212121,7.31875,0
whitmta01w,7,5.5470588235294125,2.9470588235294115,5.921212121212121,0
whitmta01w,8,7.911764705882353,5.5470588235294125,2.9470588235294115,0
whitmta01w,9,5.882352941176471,7.911764705882353,5.5470588235294125,0
whitmta01w,10,5.417647058823529,5.882352941176471,7.911764705882353,0
whittje01w,2,0.0,0.0,0.0,0
whittkh01w,9,0.0,0.0,0.0,0
whittkh01w,10,2.172727272727273,0.0,0.0,0
wickssu01w,1,0.0,0.0,0.0,0
wickssu01w,2,8.024999999999999,0.0,0.0,0
wickssu01w,3,8.253333333333332,8.024999999999999,0.0,0
widemja01w,1,0.0,0.0,0.0,0
wiggica01w,9,0.0,0.0,0.0,0
wiggica01w,10,5.980000000000001,0.0,0.0,0
wiggica01w,11,4.647058823529411,5.980000000000001,0.0,0
wilkibr01w,7,0.0,0.0,0.0,0
wilkibr01w,9,-1.25,0.0,0.0,0
williad01w,1,0.0,0.0,0.0,0
williad01w,2,3.3285714285714283,0.0,0.0,0
williad01w,3,4.080000000000001,3.3285714285714283,0.0,0
williad01w,4,11.8125,4.080000000000001,3.3285714285714283,0
williad01w,5,12.24705882352941,11.8125,4.080000000000001,0
williad01w,7,4.034782608695652,12.24705882352941,11.8125,0
williad01w,8,6.556249999999999,4.034782608695652,12.24705882352941,0
williad01w,9,5.747058823529412,6.556249999999999,4.034782608695652,0
willian01w,6,0.0,0.0,0.0,0
willian01w,7,2.2874999999999996,0.0,0.0,0
willibe01w,1,0.0,0.0,0.0,0
willile01w,5,0.0,0.0,0.0,0
willile01w,6,2.7652173913043474,0.0,0.0,0
willile01w,7,0.5777777777777777,2.7652173913043474,0.0,0
willile01w,8,2.0,0.5777777777777777,2.7652173913043474,0
willile01w,9,3.0142857142857142,2.0,0.5777777777777777,0
willile01w,10,6.070588235294117,3.0142857142857142,2.0,0
willile01w,11,4.841176470588236,6.070588235294117,3.0142857142857142,0
willile02w,3,0.0,0.0,0.0,0
willili01w,7,0.0,0.0,0.0,0
willili01w,8,4.358333333333333,0.0,0.0,0
willili01w,9,2.6333333333333333,4.358333333333333,0.0,0
willili01w,10,3.576470588235294,2.6333333333333333,4.358333333333333,0
willina01w,1,0.0,0.0,0.0,0
willina01w,2,14.489655172413794,0.0,0.0,0
willina01w,3,12.406451612903226,14.489655172413794,0.0,0
willina01w,4,10.645161290322582,12.406451612903226,14.489655172413794,0
willina01w,5,9.970588235294116,10.645161290322582,12.406451612903226,0
willina01w,6,9.588235294117649,9.970588235294116,10.645161290322582,0
williri01w,1,0.0,0.0,0.0,0
williri01w,2,8.71875,0.0,0.0,0
williri01w,3,9.11875,8.71875,0.0,0
williri01w,4,3.6758620689655173,9.11875,8.71875,0
willish01w,4,0.0,0.0,0.0,0
willita01w,1,0.0,0.0,0.0,0
willito01w,5,0.0,0.0,0.0,0
williwe01w,2,0.0,0.0,0.0,0
wilsoam01w,1,0.0,0.0,0.0,0
wirthch01w,10,0.0,0.0,0.0,0
wisdoli01w,10,0.0,0.0,0.0,0
wisdoli01w,11,2.1448275862068966,0.0,0.0,0
witheso01w,1,0.0,0.0,0.0,0
witheso01w,2,5.75,0.0,0.0,0
witheso01w,3,4.380645161290322,5.75,0.0,0
witheso01w,4,1.6387096774193548,4.380645161290322,5.75,0
wolteka01w,1,0.0,0.0,0.0,0
wolteka01w,2,7.477419354838709,0.0,0.0,0
wolteka01w,3,3.090322580645161,7.477419354838709,0.0,0
wolvean01w,2,0.0,0.0,0.0,0
wrighmo01w,11,0.0,0.0,0.0,0
wrighsh01w,5,0.0,0.0,0.0,0
wrighsh01w,6,1.0166666666666666,0.0,0.0,0
wrighta01w,6,0.0,0.0,0.0,0
wrighta01w,7,2.0117647058823525,0.0,0.0,0
wrighta01w,8,1.6969696969696968,2.0117647058823525,0.0,0
wrighta01w,9,2.7235294117647055,1.6969696969696968,2.0117647058823525,0
wrighta01w,10,4.535294117647059,2.7235294117647055,1.6969696969696968,0
wrighta01w,11,5.800000000000001,4.535294117647059,2.7235294117647055,0
wyckobr01w,2,0.0,0.0,0.0,0
wyckobr01w,3,5.10625,0.0,0.0,0
wyckobr01w,4,4.0625,5.10625,0.0,0
wyckobr01w,6,5.976470588235293,4.0625,5.10625,0
wyckobr01w,7,2.6176470588235294,5.976470588235293,4.0625,0
wyckobr01w,8,4.933333333333334,2.6176470588235294,5.976470588235293,0
wyckobr01w,9,4.252941176470587,4.933333333333334,2.6176470588235294,0
wyckobr01w,10,2.847058823529412,4.252941176470587,4.933333333333334,0
wynneda01w,2,0.0,0.0,0.0,0
yamasli01w,3,0.0,0.0,0.0,0
yamasli01w,4,0.8,0.0,0.0,0
yilmane01w,4,0.0,0.0,0.0,0
yilmane01w,5,-0.6799999999999999,0.0,0.0,0
youngca01w,2,0.0,0.0,0.0,0
youngca01w,3,2.513043478260869,0.0,0.0,0
youngso01w,7,0.0,0.0,0.0,0
youngso01w,8,12.805882352941175,0.0,0.0,0
youngso01w,9,9.169696969696968,12.805882352941175,0.0,0
youngso01w,10,10.006060606060608,9.169696969696968,12.805882352941175,0
youngso01w,11,10.757575757575758,10.006060606060608,9.169696969696968,0
youngta01w,9,0.0,0.0,0.0,0
youngta01w,10,5.448484848484847,0.0,0.0,0
youngta01w,11,3.5619047619047626,5.448484848484847,0.0,0
zakalok01w,1,0.0,0.0,0.0,0
zakalok01w,3,2.2260869565217387,0.0,0.0,0
zarafr01w,6,0.0,0.0,0.0,0
zellosh01w,10,0.0,0.0,0.0,0
zellosh01w,11,3.8588235294117643,0.0,0.0,0
zirkozu01w,4,0.0,0.0,0.0,0
zollsh01w,9,0.0,0.0,0.0,0
