year,tmID,confID,rank,playoff,firstRound,semis,finals,prev_win_pct,made_playoffs,prev_coach_win_pct,PrevPerformance,PrevOffPerformance,PrevDefPerformance,Performance_weighted_2yr,OffPerformance_weighted_2yr,DefPerformance_weighted_2yr,Performance_weighted_3yr,OffPerformance_weighted_3yr,DefPerformance_weighted_3yr,Performance_weighted_4yr,OffPerformance_weighted_4yr,DefPerformance_weighted_4yr
9,ATL,0,7.0,0,0,0,0,0.0,0.0,0.0,-0.6983488149742881,-0.49765369667623865,-1.063588498788604,-0.7531839450624901,-0.5282401920509294,-1.1904963367654733,-1.0875565639036857,-0.9477442757329192,-1.2654002488303282,-1.0082414351686937,-0.9313227711780729,-1.1069478297116542
10,ATL,0,2.0,1,0,0,0,0.11764705882352941,0.0,0.11764705882352941,-0.1277069007989802,-0.3969528417643532,-0.027901849857356647,0.3151557744499606,0.21502973886051613,0.22836777285280926,-0.03095208302758486,-0.14249330582320183,-0.020567759848232864,-0.15140109323280063,-0.18217343882663786,-0.1305210334588843
11,ATL,0,,0,0,0,0,0.5294117647058824,1.0,0.0,0.0,0.0,0.0,0.0,0.0,0.0,0.0,0.0,0.0,0.0,0.0,0.0
1,CHA,0,8.0,0,0,0,0,0.0,0.0,0.0,-0.3229206455700841,-0.3451846805871109,-0.2842012684727698,0.0,0.0,0.0,0.0,0.0,0.0,0.0,0.0,0.0
2,CHA,0,4.0,1,1,1,0,0.25,0.0,0.28125,0.17467038670037963,0.5626648900796078,-0.5941215871923532,-0.5549617310280496,-0.5362544073291724,-0.5226795385343065,0.0,0.0,0.0,0.0,0.0,0.0
3,CHA,0,2.0,1,0,0,0,0.5625,1.0,0.421875,0.09824553159229467,0.26106097091286967,-0.46803818477509157,0.07803827181779,0.36967354027134325,-0.5713327506343575,0.5042110189746352,0.7590335670487798,-0.33944378463730834,0.0,0.0,0.0
4,CHA,0,2.0,1,0,0,0,0.5625,1.0,0.0,0.529709612297293,0.8608280695290924,-0.19167693401989996,1.0333869832449911,1.2547850823075006,0.549502308860462,0.38447334756736656,0.585200076153911,0.03514915062456536,-0.9540857755700646,-0.9323835675531198,-0.9246094095583293
5,CHA,0,5.0,0,0,0,0,0.5294117647058824,1.0,0.5294117647058824,-1.0939063763917594,-1.0562123030188033,-1.2660653911631108,-0.5907024018473604,-0.5068353277872717,-0.9432210967211405,0.451305420123829,0.5548285291964993,-0.07699859574492164,-0.3582662077654284,-0.09966817538265124,-0.7234683541369955
6,CHA,0,6.0,0,0,0,0,0.47058823529411764,0.0,0.5,-0.368068359022269,-0.1975911312461418,-0.7090844656102412,0.06854972133198624,0.3055310550640694,-0.3112335699903677,0.22870296020073858,0.4469594889339666,-0.14373353490173085,0.919358897273548,1.0865647572780972,0.4908935863219733
7,CHA,0,6.0,0,0,0,0,0.17647058823529413,0.0,0.3,-0.6754963047400185,-1.1494074157469116,-0.028884336876808032,-0.3612665715329315,-0.6139469002070914,-0.07263360690764643,0.06175705265036019,-0.10933105184033068,0.19614891842083088,0.4803853612704312,0.36852886534169343,0.5344377100894997
7,CHI,0,7.0,0,0,0,0,0.0,0.0,0.0,-1.2398783238777846,-1.256656699785907,-1.3088237107573475,-0.7552294237998186,-0.7809339301569811,-0.9127781743883109,-0.6462074630614875,-0.6052872677649771,-0.9048325634069282,-0.9734054921515984,-0.9972283708505052,-1.1030820637731107
8,CHI,0,6.0,0,0,0,0,0.14705882352941177,0.0,0.0,-1.2846796284579483,-1.1958980522163645,-1.2161307896773177,-1.8520001861156759,-1.8358403107527284,-1.8401440777963993,-1.5220697964647394,-1.5436958241662184,-1.5352965291073397,-1.2852585233281937,-1.2671418032494355,-1.4413144551271666
9,CHI,0,5.0,0,0,0,0,0.4117647058823529,0.0,0.0,-0.061186914262466426,-0.20563154876761044,0.3057706751821528,-1.0359401167515818,-1.23456974893896,-0.558843000165597,-1.2065415548846663,-1.2644106675436553,-1.0476694057226958,-0.5483124619304669,-0.5608855267032233,-0.5428088514949695
10,CHI,0,5.0,0,0,0,0,0.35294117647058826,0.0,0.35294117647058826,-0.7007852730265329,-0.7582680896180835,-0.1641631224028389,-0.2244896451404016,-0.08460402147997173,-0.3148266888344053,-0.33196857711492717,-0.16713032914614426,-0.4703159809544273,-1.0293633548807153,-0.8241426849986808,-1.2679220599475935
11,CHI,0,,0,0,0,0,0.47058823529411764,0.0,0.0,0.0,0.0,0.0,0.0,0.0,0.0,0.0,0.0,0.0,0.0,0.0,0.0
1,CLE,0,2.0,1,1,0,0,0.0,0.0,0.0,0.7905988219129645,1.264137378700952,-0.41267801443898705,0.0,0.0,0.0,0.0,0.0,0.0,0.0,0.0,0.0
2,CLE,0,1.0,1,0,0,0,0.53125,1.0,0.53125,0.23322399650596876,0.4919028545137299,-0.22514699167087215,1.9126451444501824,1.9441122784498694,1.0750436127398766,0.0,0.0,0.0,0.0,0.0,0.0
3,CLE,0,7.0,0,0,0,0,0.6875,1.0,0.609375,-0.7613006148598527,-0.7548815731273868,-0.3393076236910789,-0.13056468395738066,-0.09270214896789422,-0.12406559820127724,-1.2097759265340318,-1.1925403099537442,-1.1015304912262605,0.0,0.0,0.0
4,CLE,0,4.0,1,0,0,0,0.3125,0.0,0.5104166666666666,0.16375745193842553,0.24403585185292748,-0.2515514902542983,-0.11215201128803977,-0.12150118802755626,-0.16967120033696492,-0.437429771257333,-0.3935900415078144,-0.6302176105816235,0.7220922607507865,0.7244444560802463,0.21283223039284116
4,CON,0,3.0,1,1,0,0,0.0,0.0,0.0,1.5414237698300786,1.2702100192101349,1.8006304330575114,1.7709890581957937,1.5488448011999842,2.1320947511536366,1.0386202857331441,0.813326256931862,1.457698487108982,1.4961577425480488,1.490564970139045,1.510159487892078
5,CON,0,1.0,1,1,1,0,0.5294117647058824,1.0,0.5294117647058824,-1.305986123932381,-1.1000778758919092,-1.4297938292962253,-0.4419233112686766,-0.44466343375101675,-0.3999782068306148,-0.04959853567069117,-0.21093194393771938,0.4082038746343058,0.19613904336068466,0.035094472713266836,0.45848987382369283
6,CON,0,1.0,1,1,1,1,0.5294117647058824,1.0,0.5294117647058824,0.9561709012415895,0.8211064476076864,1.1579449215976751,0.009189370558769021,-0.4176919906834727,0.5734993537878772,0.37413511479919764,0.0058340573679492615,0.8190141429768186,0.17030765370286088,-0.10873259728966034,0.755947138822468
7,CON,0,1.0,1,1,0,0,0.7647058823529411,1.0,0.6078431372549019,-0.45718635317247325,-0.25945115435631566,-0.07094095491627561,-0.09637114576011709,-0.019716621583957435,0.14050244398855513,-0.3847402467764175,-0.4864432587974269,0.017053556633545817,0.00034035255060857076,-0.07503025265282319,0.3277118647806125
8,CON,0,3.0,1,0,0,0,0.7647058823529411,1.0,0.6470588235294118,-0.3118843721255959,-0.267907729265251,-0.04793787103733137,-0.01677649329453747,0.08948195742103633,0.1040120651765707,0.31139981433942826,0.3899862251189942,0.36290100865650654,0.1336512143435758,0.12005027812730076,0.3078888274194534
9,CON,0,2.0,1,0,0,0,0.5294117647058824,1.0,0.6235294117647059,-1.4455250377714568,-1.2206874198769089,-1.2954608522878694,-1.341235966656594,-1.1093512939334478,-1.3230843432720816,-0.8837506747002457,-0.694728142705125,-1.024125456547235,-0.3781943635476371,-0.29058915739131363,-0.45754080260580227
10,CON,0,6.0,0,0,0,0,0.6176470588235294,1.0,0.6225490196078431,-1.0944819031074184,-0.6284991552466858,-1.2899133586794282,-1.1714537962785634,-0.9456421276568909,-1.340159987185399,-1.1221479142001687,-0.9099009587896513,-1.3089851138048467,-0.8940871251286074,-0.7533381483938231,-1.0098980171217955
11,CON,0,,0,0,0,0,0.47058823529411764,0.0,0.0,0.0,0.0,0.0,0.0,0.0,0.0,0.0,0.0,0.0,0.0,0.0,0.0
1,DET,0,5.0,0,0,0,0,0.0,0.0,0.0,-0.3229206455700841,-0.3451846805871109,-0.2842012684727698,0.0,0.0,0.0,0.0,0.0,0.0,0.0,0.0,0.0
2,DET,0,7.0,0,0,0,0,0.4375,0.0,0.0,-0.508177030326688,-0.45719889736310965,-0.5413286666361733,-0.5549617310280496,-0.5362544073291724,-0.5226795385343065,0.0,0.0,0.0,0.0,0.0,0.0
3,DET,0,8.0,0,0,0,0,0.3125,0.0,0.3125,-1.6074404635111297,-1.3952908345084296,-1.9787056767333997,-0.9553914279279219,-0.9154393467476277,-1.0931822500125146,1.033610913010127,0.9045052235219212,1.150647701263687,0.0,0.0,0.0
4,DET,0,1.0,1,1,1,1,0.28125,0.0,0.4090909090909091,-0.6296325542944547,-0.8250181865483647,-0.285805098410215,-0.9167810255717077,-0.9545849514372519,-0.981737277151132,-1.1155569632269113,-1.0894109338280094,-1.1209661200759107,0.5928406104517157,0.6520523117911463,0.6224957785951724
5,DET,0,3.0,1,0,0,0,0.7352941176470589,1.0,0.6071428571428571,-0.9374037834482835,-1.1366160599591915,-0.08874685882194347,-1.3728811628279203,-1.3767511018314869,-1.123180534530407,-1.8738198453249137,-1.8543020491209758,-1.7309183240713284,-1.4983083783092153,-1.5289050864755114,-1.3158065599809434
6,DET,0,4.0,1,0,0,0,0.5,1.0,0.5666666666666667,0.24550187213634683,0.06711003408441232,0.3936083373811504,0.7457051841558964,0.7019990715354253,0.7142552474991313,0.180745844992817,0.21100602444168728,0.12897040109903415,-0.147737771265988,-0.17510071113611453,-0.14266868891294204
7,DET,0,2.0,1,1,1,1,0.47058823529411764,1.0,0.5403225806451613,1.0472334594573611,0.1495403458712899,1.7923507997889783,0.8842721978867396,0.4084743076672078,1.471843995102681,1.4661763966012233,1.2211201977402635,1.8256052746994642,0.8565914870688077,0.8903767066539011,0.8106672253272673
8,DET,0,1.0,1,1,1,0,0.6764705882352942,1.0,0.569620253164557,-0.329291791978664,-0.37333939734116084,-0.3528532870150731,0.4505161666205883,0.341554202578314,0.48763469758564604,0.7603216886694245,0.7003621073662433,0.7818958099097688,1.2617923374139837,1.2702642183982087,1.1816128440537
9,DET,0,1.0,1,1,1,1,0.7058823529411765,1.0,0.59375,-0.3811976749303178,-0.6354020345488546,-0.17482640867701343,-0.1257635746067486,-0.2960509005625765,0.037467041361355,0.6000634052868518,0.5098418207807062,0.5965546312150234,0.8767534981962813,0.911561572019646,0.7156499616650658
10,DET,0,3.0,1,1,0,0,0.6470588235294118,1.0,0.6017699115044248,-0.3604852504070177,-0.49743530887780957,0.02830221510562468,0.023257256859530992,-0.011282444668224487,0.17052716135782373,0.4612091478985766,0.4173957585551546,0.5296204635005229,1.0040714250498866,1.03293454943157,0.957097809291684
1,HOU,1,2.0,1,1,1,1,0.0,0.0,0.0,-0.3229206455700841,-0.3451846805871109,-0.2842012684727698,0.0,0.0,0.0,0.0,0.0,0.0,0.0,0.0,0.0
2,HOU,1,4.0,1,0,0,0,0.84375,1.0,0.84375,-1.0159333721417034,-1.0881008474815026,-0.6491867766671997,-0.5549617310280496,-0.5362544073291724,-0.5226795385343065,0.0,0.0,0.0,0.0,0.0,0.0
3,HOU,1,2.0,1,0,0,0,0.59375,1.0,0.71875,0.9787856991013564,0.7337033902417122,1.6433455746570054,-0.16173484401666788,-0.2629705692326123,0.17320959762660315,0.20821671438565348,0.09573388708344265,0.38631493483374835,0.0,0.0,0.0
4,HOU,1,2.0,1,0,0,0,0.75,1.0,0.7291666666666666,0.7857218796526156,1.0616616571833168,0.848363005759232,0.10359131086367833,0.19824864180393326,0.3838678013181888,-0.009896353317844879,0.1109672922856126,-0.044013099664609354,-0.9540857755700646,-0.9323835675531198,-0.9246094095583293
5,HOU,1,6.0,0,0,0,0,0.5882352941176471,1.0,0.6923076923076923,0.7852776602449144,0.8368402360842722,0.8277138693061113,1.0877049829833374,1.1504387993322676,1.0596650622624553,0.6123468432756947,0.8533247174972249,0.46648461664189794,-0.0606994451809483,0.07831472247714848,-0.23789180590372117
6,HOU,1,3.0,1,1,0,0,0.38235294117647056,0.0,0.6280487804878049,1.7167233045153654,1.6202019886334458,1.78225474208087,2.5082615786074163,2.4626187861606277,2.4361330367499305,2.7600395553544237,2.71172531831499,2.6694174009126326,2.5065152031808697,2.458382043465214,2.4328083786833523
7,HOU,1,3.0,1,0,0,0,0.5588235294117647,1.0,0.6161616161616161,0.8870502499020527,1.0642763723397843,0.24810902963221615,1.0089034288004932,1.0975681816275573,0.5790297901535572,1.7740011451041744,1.8087231221442366,1.4909580766472992,2.0293364592866245,2.082711918678421,1.7791328988168982
8,HOU,1,5.0,0,0,0,0,0.5294117647058824,1.0,0.7857142857142857,-0.21997430706465568,-0.21506912459159938,-0.23909927179972534,-0.13435757195601333,-0.10212022128628451,-0.17745911301741435,0.01607627954448725,0.03255309665026992,-0.022420678859091155,0.5662859643908145,0.5915728267434727,0.5038552728621868
9,HOU,1,5.0,0,0,0,0,0.38235294117647056,0.0,0.5,-0.031923476667390455,0.13069984576913424,-0.22101747243461103,0.3013585315401478,0.44606914074209864,-0.030630166613437697,0.5071573123610443,0.5925376549733399,0.19607075628520226,0.4927937820046212,0.6204142613937018,0.11682985727879498
1,IND,0,7.0,0,0,0,0,0.0,0.0,0.0,-0.3229206455700841,-0.3451846805871109,-0.2842012684727698,0.0,0.0,0.0,0.0,0.0,0.0,0.0,0.0,0.0
2,IND,0,6.0,0,0,0,0,0.28125,0.0,0.0,0.17745670008301462,0.07429173356809352,0.24437379295696515,-0.5549617310280496,-0.5362544073291724,-0.5226795385343065,0.0,0.0,0.0,0.0,0.0,0.0
3,IND,0,4.0,1,0,0,0,0.3125,0.0,0.3125,-0.7394512850981867,-0.5056866596069429,-1.0966727924643973,-0.45938826742508543,-0.35353825089483626,-0.6162273664392224,0.8682397527958842,0.7901432463363168,1.09254596784814,0.0,0.0,0.0
4,IND,0,5.0,0,0,0,0,0.5,1.0,0.40625,0.0830421716574658,-0.09718943691108668,0.6324105845264819,-0.6129278007261643,-0.5735743747672425,-0.682477398695577,-0.6912553096908984,-0.7266439992051945,-0.5501027513330332,1.8520099089428184,1.825034982116896,2.078239472496703
5,IND,0,6.0,0,0,0,0,0.47058823529411764,0.0,0.0,1.2104067062911672,1.3244314233329948,0.6521709853617008,1.1175556571321321,1.1947884086258456,0.8220392551661366,0.10370411388479453,0.28173472910330255,-0.31077820598115424,-0.6962992083591505,-0.7804155250837093,-0.513453309905988
6,IND,0,2.0,1,1,0,0,0.4411764705882353,0.0,0.4411764705882353,0.4661414592891525,0.11867194405466461,0.8196366669162102,0.6735503733252232,0.6292153849537766,0.6171304714897065,-0.06514490238640888,-0.1755804243122082,0.07590333268196613,-0.9342554372493799,-0.9906536962524878,-0.819080701751025
7,IND,0,3.0,1,0,0,0,0.6176470588235294,1.0,0.5294117647058824,0.7920926793301897,0.6398971431953284,0.8893670441480176,0.6508398041417824,0.6062127474291258,0.7221519722017963,0.2925467519451915,0.22571228981447677,0.40910145976864365,0.669272432926735,0.6267952682057701,0.7450782272841955
8,IND,0,2.0,1,1,0,0,0.6176470588235294,1.0,0.5588235294117647,1.1881155693721923,0.7805093427649503,1.911946333769035,1.171666493795498,0.8157067850232153,1.804793160547093,1.1032837690087485,0.8282299662578106,1.6129275346723375,1.0427019488277534,0.86171448044018,1.4523973505551624
9,IND,0,4.0,1,0,0,0,0.6176470588235294,1.0,0.34375,2.3737901014893272,2.2767205322169777,2.1001751826597244,1.7322315660465208,1.4761594155367663,1.774154015570758,1.23513544399583,1.199213293087431,1.2089949414926056,0.37780475102019395,0.21820947046409286,0.7031399605503872
10,IND,0,1.0,1,1,1,0,0.5,1.0,0.38461538461538464,-0.4673869815540004,-1.0705553649575252,0.3041433846446578,0.21612998887257479,-0.23562924671704633,0.7886465147649049,0.3676731298825505,-0.015339412870662303,0.9266160310002213,0.8973455613990924,0.603419586052778,1.2511040776813036
11,IND,0,,0,0,0,0,0.6470588235294118,1.0,0.0,0.0,0.0,0.0,0.0,0.0,0.0,0.0,0.0,0.0,0.0,0.0,0.0
1,LAS,1,1.0,1,1,0,0,0.0,0.0,0.0,-0.3229206455700841,-0.3451846805871109,-0.2842012684727698,0.0,0.0,0.0,0.0,0.0,0.0,0.0,0.0,0.0
2,LAS,1,1.0,1,1,1,1,0.875,1.0,0.875,2.318901332080259,2.1970978732950073,2.2181599254747457,-0.5549617310280496,-0.5362544073291724,-0.5226795385343065,0.0,0.0,0.0,0.0,0.0,0.0
3,LAS,1,1.0,1,1,1,1,0.875,1.0,0.875,0.8928437993764239,0.9419913890875712,0.6022021665996898,1.817314191054459,1.8206497071125776,1.5944724072157028,0.43772480045906265,0.5493548356336724,-0.13073654836617435,0.0,0.0,0.0
4,LAS,1,1.0,1,1,1,0,0.78125,1.0,0.84375,0.7532270637691597,0.764612658912287,0.4935429595662362,0.9698127388365634,1.0171875131780959,0.7712537897679285,1.528743860947324,1.5721990867730293,1.3455861713369675,-0.9540857755700646,-0.9323835675531198,-0.9246094095583293
5,LAS,1,1.0,1,0,0,0,0.7058823529411765,1.0,0.8076923076923077,0.7003487836805314,0.3600122049864481,1.3369340314418605,0.7267806724205124,0.47234414052386303,1.1647660722570252,0.8969358482588777,0.6430301455145401,1.2367667864794951,1.8155209388383855,1.662856019963365,1.8882398397382212
6,LAS,1,4.0,1,0,0,0,0.7352941176470589,1.0,0.0,1.6532363977108258,2.004377445607538,1.017613373243852,0.8652627604857652,0.9645671175484393,0.8109724489068897,1.269240423409654,1.3783436896993442,1.1303056359707775,1.2358460530691397,1.1781134727655262,1.305112145225107
7,LAS,1,1.0,1,1,0,0,0.5,1.0,0.6666666666666666,-0.47203493917781447,-0.30312498473397265,-0.6655718100487108,-0.3013684522955599,-0.31493266296315764,-0.24555892174523955,-0.3516905591733078,-0.46925927303074005,-0.018520545788147647,0.046803360874034194,-0.018350346536547116,0.287727717959311
8,LAS,1,7.0,0,0,0,0,0.7352941176470589,1.0,0.7933333333333333,-0.18394391783203354,-0.37070330101760834,0.12935861272301555,0.24678598313810954,0.21617533107727946,0.21254435575307162,0.04278745986523939,0.008903847388782962,0.05331505943476703,-0.08243369062005731,-0.08725614703227835,0.0005587460682141468
9,LAS,1,3.0,1,1,0,0,0.29411764705882354,0.0,0.7010869565217391,1.028032189631119,0.4221416636316994,1.1797193506630195,0.9896304569574967,0.5079259140246244,1.260176857577488,1.1670978054398415,0.7782531594223306,1.565298800804294,1.1700628572458935,0.8336989959363734,1.4788312736909888
10,LAS,1,3.0,1,1,0,0,0.5882352941176471,1.0,0.6834862385321101,2.3328640858972673,1.7597719214697625,2.8019356909465025,0.9098563580807306,0.6596887774241544,1.339701763912989,0.9069844041015808,0.666854711319302,1.277873906867377,1.4324018154487628,1.307054621192205,1.611095716269327
11,LAS,1,,0,0,0,0,0.5294117647058824,1.0,0.0,0.0,0.0,0.0,0.0,0.0,0.0,0.0,0.0,0.0,0.0,0.0,0.0
1,MIA,0,6.0,0,0,0,0,0.0,0.0,0.0,-0.3229206455700841,-0.3451846805871109,-0.2842012684727698,0.0,0.0,0.0,0.0,0.0,0.0,0.0,0.0,0.0
2,MIA,0,3.0,1,0,0,0,0.40625,0.0,0.40625,-0.9369408787347859,-1.1553105520733702,-0.2625743359454836,0.756734164469634,0.4259593759585716,3.0391738910065156,0.0,0.0,0.0,0.0,0.0,0.0
3,MIA,0,6.0,0,0,0,0,0.625,1.0,0.515625,-1.0979680956946587,-1.0869554736950162,-1.0586021372344054,-1.3612910205036663,-1.352802425013235,-1.1290789056252517,0.9005901459080115,0.6085199103083949,1.550605559183759,0.0,0.0,0.0
1,MIN,1,6.0,0,0,0,0,0.0,0.0,0.0,-0.3229206455700841,-0.3451846805871109,-0.2842012684727698,0.0,0.0,0.0,0.0,0.0,0.0,0.0,0.0,0.0
2,MIN,1,6.0,0,0,0,0,0.46875,0.0,0.46875,-1.2579983366382892,-0.908626331815796,-1.768496333128761,-0.5549617310280496,-0.5362544073291724,-0.5226795385343065,0.0,0.0,0.0,0.0,0.0,0.0
3,MIN,1,8.0,0,0,0,0,0.375,0.0,0.421875,0.7386605062814967,0.8321391609885707,0.12203160071204565,-0.6664572980920263,-0.36106741374528806,-1.34779437592221,1.6120459932678735,1.7535587417101322,1.0620568242293047,0.0,0.0,0.0
4,MIN,1,4.0,1,0,0,0,0.3125,0.0,0.0,-0.9606453414700282,-0.8969779995017253,-1.2693861462753868,-0.16659181190782785,-0.10509247232243814,-0.4569685861294772,-0.7787421897828151,-0.6805958565614716,-1.040468718188601,-0.27525772786983665,-0.47213263693171154,-0.26018817695291735
5,MIN,1,3.0,1,0,0,0,0.5294117647058824,1.0,0.5294117647058824,-1.6919467581950407,-1.5336661484617005,-2.041784303826535,-1.5629889563167003,-1.4482741954714067,-1.9052364441506007,-1.2618249468287372,-1.1565359752546738,-1.5824925152989855,-1.2231404166139035,-1.078845277950483,-1.5217517248353214
6,MIN,1,6.0,0,0,0,0,0.5294117647058824,1.0,0.5294117647058824,-1.055499826527118,-0.9230490082395285,-1.2108238078368925,-1.5577330648328032,-1.401021683961753,-1.6024373846257376,-0.8107238705745632,-0.5562699828176935,-1.1245933772975594,-0.6772196919248081,-0.4568107353407468,-1.0047582454769943
7,MIN,1,7.0,0,0,0,0,0.4117647058823529,0.0,0.49019607843137253,-0.6224998976323485,-0.8781166405732643,-0.19396585749072692,-0.4781118782788622,-0.7016605189042782,-0.19412833528381385,-1.4886828241068186,-1.6145724158597903,-1.2242441914327513,-1.4995631432327214,-1.6282273666111424,-1.2590422101106191
8,MIN,1,6.0,0,0,0,0,0.29411764705882354,0.0,0.0,-1.4582906761802314,-0.9698802275652101,-1.9783242372657766,-1.9310638153095308,-1.8551615731628364,-1.868462529276201,-1.5044997402298463,-1.490772524930607,-1.3865666905407419,-1.690306584304084,-1.6809852832666838,-1.598267460346343
9,MIN,1,7.0,0,0,0,0,0.29411764705882354,0.0,0.29411764705882354,-1.2059623302775995,-1.0725096324687782,-1.2609592721861644,-1.8972353906286055,-1.9202618136069582,-1.6548175829104244,-2.090611579915102,-2.2642524589375586,-1.7401820069203167,-1.81430728792858,-1.9137811925959056,-1.5611840242307777
10,MIN,1,5.0,0,0,0,0,0.47058823529411764,0.0,0.0,-1.0486892989188112,-0.8173093193653886,-0.9296271266154222,-2.49953855000129,-2.2868313611535203,-2.4579059520142006,-1.8848518550922677,-1.6067440341554848,-2.0239053962039026,-2.160319505022092,-2.2188111608409247,-1.9625968518454202
11,MIN,1,,0,0,0,0,0.4117647058823529,0.0,0.0,0.0,0.0,0.0,0.0,0.0,0.0,0.0,0.0,0.0,0.0,0.0,0.0
1,NYL,0,1.0,1,1,1,0,0.0,0.0,0.0,-0.3229206455700841,-0.3451846805871109,-0.2842012684727698,0.0,0.0,0.0,0.0,0.0,0.0,0.0,0.0,0.0
2,NYL,0,2.0,1,1,0,0,0.625,1.0,0.625,-0.09209051331138869,-0.10976817585605109,-0.03055727380020596,-0.5549617310280496,-0.5362544073291724,-0.5226795385343065,0.0,0.0,0.0,0.0,0.0,0.0
3,NYL,0,1.0,1,1,1,0,0.65625,1.0,0.640625,1.6315586453099447,1.9028298498845928,0.7640298232484521,1.8068267158035825,1.8692822371172269,1.4395416724345047,-1.2097759265340318,-1.1925403099537442,-1.1015304912262605,0.0,0.0,0.0
4,NYL,0,6.0,0,0,0,0,0.5625,1.0,0.6145833333333334,-0.011228875064328583,0.11702981114672972,-0.2872757827649227,-0.46153144910325244,-0.26551150727374145,-0.8127166778810249,0.480461656301993,0.6727283355431279,0.08643149546773765,-0.9540857755700646,-0.9323835675531198,-0.9246094095583293
5,NYL,0,2.0,1,1,0,0,0.47058823529411764,0.0,0.5769230769230769,0.4702855854514718,0.6884297538966757,0.2692657444625724,0.28551411519227093,0.4041303533015637,0.2115943868242296,0.16523522129088541,0.506049727980568,-0.3839013682490103,0.4247950725692865,0.7244865698300201,-0.004968696928774111
6,NYL,0,3.0,1,0,0,0,0.5294117647058824,1.0,0.6111111111111112,-1.0549700717868427,-0.8634813685730873,-0.8947096563726764,-1.073917590885125,-0.8724648990565652,-1.0892364722949612,-0.7241088135572376,-0.5271123773266835,-0.84191548535519,-0.565647823790989,-0.24396139828226723,-0.9913861996233461
7,NYL,0,5.0,0,0,0,0,0.5294117647058824,1.0,0.5576923076923077,-1.9706524508906211,-1.7534559184516019,-1.6717447325745247,-2.297865823853772,-2.2881769674313333,-1.9742645261570755,-1.7613987395919064,-1.6650226554884329,-1.7418724108168375,-1.4574751323131225,-1.3906688732934827,-1.5244548644373455
8,NYL,0,4.0,1,0,0,0,0.3235294117647059,0.0,0.46511627906976744,-1.4047776693114908,-1.521003996505912,-1.0803688950484274,-1.2906797121256544,-1.4082275540313205,-1.069645449308713,-2.152805844807332,-2.165799056015844,-2.0482342419148125,-1.917978541938691,-1.9120021207638376,-1.8923871146097506
9,NYL,0,3.0,1,1,0,0,0.47058823529411764,1.0,0.4666666666666667,0.1719335891019963,-0.13660131320446803,0.3934512267456624,-0.6601923339306112,-0.8139245288710141,-0.3512819229908649,-0.47717435309315376,-0.5304440632131361,-0.28829274389241655,-2.0765794797723256,-2.077363415051859,-1.9377276718611667
10,NYL,0,7.0,0,0,0,0,0.5588235294117647,1.0,0.502904989747095,0.08021269917221427,0.16416465821611884,0.04832231725162352,-0.2745489962846696,-0.4378925046558709,0.05445976906013304,-0.989419015506225,-1.1219670658596008,-0.6349720849312318,-0.5177721345718946,-0.6399667057547735,-0.28130794390218805
11,NYL,0,,0,0,0,0,0.38235294117647056,0.0,0.0,0.0,0.0,0.0,0.0,0.0,0.0,0.0,0.0,0.0,0.0,0.0,0.0
1,ORL,0,3.0,1,0,0,0,0.0,0.0,0.0,-0.3229206455700841,-0.3451846805871109,-0.2842012684727698,0.0,0.0,0.0,0.0,0.0,0.0,0.0,0.0,0.0
2,ORL,0,5.0,0,0,0,0,0.5,1.0,0.5,-0.2095125068702769,-0.4331453245795879,0.2678065098828144,-0.5549617310280496,-0.5362544073291724,-0.5226795385343065,0.0,0.0,0.0,0.0,0.0,0.0
3,ORL,0,5.0,0,0,0,0,0.40625,0.0,0.0,1.5853678221393521,1.2088129135035373,1.8756229644572544,0.821302000791874,0.6470173185557687,1.043775244146747,1.1639145162591549,1.1897407115965943,1.4033866357438056,0.0,0.0,0.0
1,PHO,1,4.0,1,0,0,0,0.0,0.0,0.0,-0.3229206455700841,-0.3451846805871109,-0.2842012684727698,0.0,0.0,0.0,0.0,0.0,0.0,0.0,0.0,0.0
2,PHO,1,5.0,0,0,0,0,0.625,1.0,0.0,-0.9881212624673885,-1.051833977518794,-0.8247682543198684,1.7577440206841235,1.628681025669334,1.056269006701186,0.0,0.0,0.0,0.0,0.0,0.0
3,PHO,1,7.0,0,0,0,0,0.40625,0.0,0.40625,-1.4038070050122589,-1.3926853865528859,-1.1594731372581029,-1.113080971140801,-1.030988671497036,-1.0617412868762306,-1.2097759265340318,-1.1925403099537442,-1.1015304912262605,0.0,0.0,0.0
4,PHO,1,7.0,0,0,0,0,0.34375,0.0,0.0,-2.3682842979561562,-2.5323011972512517,-1.7474137952414903,-2.0571191314980313,-2.1876497513442845,-1.7334571585401757,-1.3947337934812314,-1.4861582647989555,-1.155771968048941,-0.34093510018227696,-0.4024702930432204,-0.2015751707169875
5,PHO,1,5.0,0,0,0,0,0.23529411764705882,0.0,0.0,-0.7343100020903847,-0.9897726346317649,-0.21605074917835998,-0.6021968312757171,-0.8627998805663541,-0.06402133918206052,-1.1420349045989728,-1.423424303759512,-0.5159495472975503,-1.0297652171664302,-1.2744787126877954,-0.5677868543677806
6,PHO,1,5.0,0,0,0,0,0.5,0.0,0.5,0.7695190962686659,0.7971332617976989,0.4635491546997098,-0.013518343326004875,-0.15827931126313322,-0.0229520553094273,-0.6345019423959946,-0.698440335841958,-0.5787480694384665,-1.5189622294060177,-1.5937903064820944,-1.2283005405458607
7,PHO,1,5.0,0,0,0,0,0.47058823529411764,0.0,0.0,-0.6426297671913191,-0.5569996619384225,-0.6536527047982919,-0.6212796240630122,-0.45769127956048283,-0.820125344604995,-0.9489218377309374,-0.8781991107372302,-1.0265363932753673,-0.47175254153237334,-0.3608907549680343,-0.6729235193533709
8,PHO,1,1.0,1,1,1,1,0.5294117647058824,0.0,0.5294117647058824,2.023260214216396,2.487876528839971,0.8427449995117897,1.080121582546983,1.3990412114215653,0.47568953191465296,0.8214488043867966,1.0419121963195068,0.36486519511929894,-0.21509427348244708,-0.22616009583023347,-0.2512428904673163
9,PHO,1,6.0,0,0,0,0,0.6764705882352942,1.0,0.0,-0.8631673593293631,-0.3315679172096598,-1.0962078198391667,0.38021693556420344,1.0997422934402723,-0.43320056471462276,-0.120683456588257,0.11201849684125371,-0.4524460111656669,0.5241371329689543,0.7911473008636317,0.060899312345423826
10,PHO,1,1.0,1,1,1,1,0.47058823529411764,0.0,0.47058823529411764,1.3933574722035529,1.967967400487604,0.023375749666455916,0.9837832119106839,1.3851342263176065,0.27017114713520574,1.3192873288918634,1.7127050035429796,0.5553417902083203,0.9354335305675854,1.1734134370102645,0.5032397347865277
11,PHO,1,,0,0,0,0,0.6764705882352942,1.0,0.0,0.0,0.0,0.0,0.0,0.0,0.0,0.0,0.0,0.0,0.0,0.0,0.0
1,POR,1,7.0,0,0,0,0,0.0,0.0,0.0,-0.3229206455700841,-0.3451846805871109,-0.2842012684727698,0.0,0.0,0.0,0.0,0.0,0.0,0.0,0.0,0.0
2,POR,1,7.0,0,0,0,0,0.3125,0.0,0.3125,0.12254394489554338,0.01650363980097471,0.08157319655672908,-0.5549617310280496,-0.5362544073291724,-0.5226795385343065,0.0,0.0,0.0,0.0,0.0,0.0
3,POR,1,5.0,0,0,0,0,0.34375,0.0,0.328125,0.2665829693963596,0.2784779029766395,0.2001223838615,-0.11790444747735412,-0.3338913421149788,0.25456917105818977,-1.2097759265340318,-1.1925403099537442,-1.1015304912262605,0.0,0.0,0.0
1,SAC,1,3.0,1,0,0,0,0.0,0.0,0.0,-0.3229206455700841,-0.3451846805871109,-0.2842012684727698,0.0,0.0,0.0,0.0,0.0,0.0,0.0,0.0,0.0
2,SAC,1,2.0,1,1,0,0,0.65625,1.0,0.65625,1.8245672603001442,1.8463213264098433,2.0244061543157366,-0.5549617310280496,-0.5362544073291724,-0.5226795385343065,0.0,0.0,0.0,0.0,0.0,0.0
3,SAC,1,6.0,0,0,0,0,0.625,1.0,0.7,0.7162744981842285,0.7758973199873607,0.7768591284915386,1.5427303833894381,1.420291237012054,1.7718013816037574,-1.2097759265340318,-1.1925403099537442,-1.1015304912262605,0.0,0.0,0.0
4,SAC,1,3.0,1,1,0,0,0.4375,0.0,0.5384615384615384,1.007041119814931,0.8273934669277958,1.1286042189088916,1.0048585433362038,0.9197221928241953,1.1889977852695026,1.9058842035375407,1.8153382485778824,2.0731193419706395,-0.9540857755700646,-0.9323835675531198,-0.9246094095583293
5,SAC,1,4.0,1,1,0,0,0.5588235294117647,1.0,0.75,0.38993428951125625,0.26111841344025294,0.6420169050518476,0.2321020242299793,0.07940889671902893,0.5361776015742844,1.0247579664070552,0.8818532748107591,1.2475838745705583,1.9346122373928796,1.9003987709933525,1.9152759302653228
6,SAC,1,1.0,1,1,1,1,0.5294117647058824,1.0,0.6,-0.7514425339925769,-1.1801880843677663,-0.09683705339715275,-0.7931243732844564,-1.1751793378271915,-0.2787452202161464,-0.7217196340637623,-1.1121150217166953,-0.22517085555469438,-0.31010356337748335,-0.5790003342875616,0.08410503953054202
7,SAC,1,2.0,1,1,1,0,0.7352941176470589,1.0,0.6547619047619048,1.83746559007031,1.7380002471416975,1.857386475098147,1.4935781295415416,1.504855321310106,1.5879547779099534,0.34654515853994816,0.31888925905124355,0.5082038121493062,0.13825169675781135,-0.018636779270809353,0.4676587018522623
8,SAC,1,3.0,1,0,0,0,0.6176470588235294,1.0,0.0,0.5148859262844736,0.31652307400733865,0.8635648862051469,0.7571624730243842,0.6659691911033676,0.9371050562570944,0.5198412265879988,0.45763799762744084,0.7297591704400521,-0.05515442011798334,-0.10554426621798213,0.1434462398698977
9,SAC,1,4.0,1,0,0,0,0.5588235294117647,1.0,0.5588235294117647,-0.7966321795362549,-1.508063319529782,0.2893134611397972,-0.0320306466097703,-0.34651859801284635,0.5793345824050335,0.16894241639241314,0.017973060137319967,0.48186400945111707,0.34048288733967796,0.22699184784244397,0.6280220184031721
10,SAC,1,6.0,0,0,0,0,0.5294117647058824,1.0,0.5940927218344965,-0.9850786361809755,-0.9481561504082602,-0.7849457974671248,-0.46686999354748426,-0.5647456346605806,-0.27244302613916666,-0.3661783674588834,-0.4511681044351805,-0.16694984057263132,0.21858561001246893,0.19349909067506782,0.2663801985680934
4,SAS,1,6.0,0,0,0,0,0.0,0.0,0.6666666666666666,0.20734878932091577,0.177965843155557,0.036750668901260886,0.7077441661027191,0.6466593360163133,0.6553080120516898,0.6788985800795343,0.5633774200821563,0.7213529060937712,-0.9540857755700646,-0.9323835675531198,-0.9246094095583293
5,SAS,1,7.0,0,0,0,0,0.35294117647058826,0.0,0.5,-0.15349022667864148,-0.06018349800519902,-0.33475119446763485,-1.1856692414734735,-1.1153105792892783,-1.1153393665793991,-0.748740713966793,-0.7565523834199918,-0.6245474243245858,-0.23662695064662834,-0.3275140285964585,-0.06853176561340195
6,SAS,1,7.0,0,0,0,0,0.2647058823529412,0.0,0.5076923076923077,-0.9556128888635794,-0.4260484108968205,-1.6122151265403322,-0.2938795782663862,0.12014195717891492,-0.8896662217963714,-1.0564751342134127,-0.9325691308326157,-1.0839814597059259,-0.29670952606886203,-0.10007136224684864,-0.5466977904551215
7,SAS,1,6.0,0,0,0,0,0.20588235294117646,0.0,0.4451219512195122,0.13107036639615266,0.8383171203047352,-0.8034850931808056,-1.0235960337670404,-0.6803889749172294,-1.4750116286616477,-0.11774868339834367,0.2500860121977031,-0.779670916086362,-1.3269030603221328,-1.12573428884298,-1.5875323775219514
8,SAS,1,2.0,1,1,0,0,0.38235294117647056,0.0,0.43434343434343436,0.9216781759851461,0.7630251500656342,1.047209800146072,0.5814305358166626,0.6763813483154915,0.2900113142013844,0.4769471009845053,0.5955366243846779,0.12996008836744635,0.9501639417495601,1.122924455014145,0.5063634603057114
9,SAS,1,1.0,1,1,1,0,0.5882352941176471,1.0,0.45689655172413796,0.6894553531296568,1.2466967401623634,-0.027860021460698027,0.7125867377355969,0.7837575479752228,0.5138336975590554,0.031828679653968024,0.07729214853954279,-0.11733583372640108,0.2930501794734805,0.39552992340767684,0.04346108735260908
10,SAS,1,4.0,1,0,0,0,0.7058823529411765,1.0,0.48872180451127817,1.00186219602702,1.2328756309479172,0.7521858752475059,1.6860334145279257,1.9200109058764592,1.3899567315896182,1.820492748478532,1.9490521889379542,1.5264038058418097,0.7588333557264358,0.8960821834876054,0.5421706507885081
11,SAS,1,,0,0,0,0,0.4411764705882353,1.0,0.0,0.0,0.0,0.0,0.0,0.0,0.0,0.0,0.0,0.0,0.0,0.0,0.0
1,SEA,1,8.0,0,0,0,0,0.0,0.0,0.0,-0.3229206455700841,-0.3451846805871109,0.27253129738083837,0.0,0.0,0.0,0.0,0.0,0.0,0.0,0.0,0.0
2,SEA,1,8.0,0,0,0,0,0.1875,0.0,0.1875,-0.4459530655132543,-0.47027121264864374,-0.6525203065890052,2.232417442732655,2.4363002078722937,1.1016679519640993,0.0,0.0,0.0,0.0,0.0,0.0
3,SEA,1,4.0,1,0,0,0,0.3125,0.0,0.25,-0.39553348211098743,-0.41739296263553505,-0.28864317981267307,-0.5534825822373692,-0.4517488707345282,-0.8424448911172984,0.2309942810666584,-0.021039772392273656,0.6198006187960161,0.0,0.0,0.0
4,SEA,1,5.0,0,0,0,0,0.53125,1.0,0.46875,0.324779328046163,0.13210891290766877,0.725144296074594,0.01435240289737815,-0.1331452845858615,0.24062889719660863,-0.3567955483458433,-0.4530303403233192,-0.2996266231390817,0.3928046184476581,0.4896416729508757,0.3067477752704753
5,SEA,1,2.0,1,1,1,1,0.5294117647058824,0.0,0.4846153846153846,1.3557128033525645,1.319272643034015,1.1953571942308014,1.702674273111412,1.6797821743512051,1.502937119664498,1.8851867338367192,1.7364597142818603,1.7642936293016136,0.3631252960883888,0.376038357307403,0.12328286243290787
6,SEA,1,2.0,1,0,0,0,0.5882352941176471,1.0,0.5060975609756098,-1.246944118824199,-1.17269670035337,-1.0085021685313016,-0.6013677763447729,-0.453518411342149,-0.542946863889221,-0.3821332889273093,-0.31514365205845857,-0.34994903759243995,-0.3887111485692152,-0.4582699421640124,-0.2419673178680066
7,SEA,1,4.0,1,0,0,0,0.5882352941176471,1.0,0.5202020202020202,0.8077028691394,0.9136850811939434,0.6455336807338057,0.9167070641033144,1.1211884927212556,0.7405566680673682,0.9921399842920179,1.123234488258851,0.9298178221144272,0.8139363400768723,0.8565779407957957,0.8373813882259166
8,SEA,1,4.0,1,0,0,0,0.5294117647058824,1.0,0.521551724137931,-0.03851436784670079,-0.0909997335198124,-0.04964346791139434,0.4295851200739762,0.4639520337518678,0.3131638145033087,0.3599580200104802,0.3870216394452638,0.34297158775135794,0.6196087299622624,0.6484668063295141,0.5727559749059127
9,SEA,1,2.0,1,0,0,0,0.5,1.0,0.39759036144578314,1.1088301000110259,1.0459505263875237,1.385602698094244,1.2452970965902421,1.162819334214328,1.4581467762416238,1.3111360764806392,1.316150443404689,1.4930589976954365,1.324615148672603,1.32717990690052,1.5391127040515633
10,SEA,1,2.0,1,0,0,0,0.6470588235294118,1.0,0.4700854700854701,0.4790910148315584,0.44075837604652063,0.33508015869027713,0.5013061805069605,0.45928660970451357,0.558115509878687,0.5280190277282567,0.41474418406594826,0.6496390562809327,0.3436179139302993,0.36091233458631683,0.3150126631200523
11,SEA,1,,0,0,0,0,0.5882352941176471,1.0,0.0,0.0,0.0,0.0,0.0,0.0,0.0,0.0,0.0,0.0,0.0,0.0,0.0
11,TUL,1,,0,0,0,0,0.0,0.0,0.0,0.0,0.0,0.0,0.0,0.0,0.0,0.0,0.0,0.0,0.0,0.0,0.0
1,UTA,1,5.0,0,0,0,0,0.0,0.0,0.0,3.7302902160682123,3.5684481495186007,3.8347632072041553,0.0,0.0,0.0,0.0,0.0,0.0,0.0,0.0,0.0
2,UTA,1,3.0,1,0,0,0,0.5625,0.0,0.5625,1.302131504261764,1.243024565727946,1.1204137193484585,-0.5549617310280496,-0.5362544073291724,-0.5226795385343065,0.0,0.0,0.0,0.0,0.0,0.0
3,UTA,1,3.0,1,1,0,0,0.59375,1.0,0.7368421052631579,0.03829447274354646,0.026455476166689477,-0.014204046135509196,0.5008338901791648,0.45396587222257145,0.4634913182055087,0.2991074230771284,0.5256915088754869,-0.18599496153741654,0.0,0.0,0.0
1,WAS,0,4.0,1,0,0,0,0.0,0.0,0.0,-0.3229206455700841,-0.3451846805871109,-0.2842012684727698,0.0,0.0,0.0,0.0,0.0,0.0,0.0,0.0,0.0
2,WAS,0,8.0,0,0,0,0,0.4375,1.0,0.0,-0.6987681588233047,-0.7575515640583479,-0.40803277258552934,-0.5549617310280496,-0.5362544073291724,-0.5226795385343065,0.0,0.0,0.0,0.0,0.0,0.0
3,WAS,0,3.0,1,1,0,0,0.3125,0.0,0.0,-0.9411129978379263,-1.4084754836233597,0.41943313607717,-1.0477499102580348,-1.4257308733435077,0.04500663253734734,-1.2097759265340318,-1.1925403099537442,-1.1015304912262605,0.0,0.0,0.0
4,WAS,0,7.0,0,0,0,0,0.53125,1.0,0.53125,-1.4262601175420915,-1.1043594706130977,-1.632336919827996,-1.2776319733823052,-1.244388037571644,-1.0846250468836682,-1.2326720050640358,-1.3037072801228198,-0.8781706615708518,1.2848023403314752,1.2871659422154413,1.2789450603726094
5,WAS,0,4.0,1,0,0,0,0.2647058823529412,0.0,0.0,1.0050774422045838,1.0864238451939072,0.4537335968989136,0.6040301799402067,0.7737417458430432,0.25379749024559356,-0.06345320068774891,-0.05553418289188097,0.10225319933967017,0.3689132357920828,0.312637892892051,0.5683705654127812
6,WAS,0,5.0,0,0,0,0,0.5,1.0,0.5616438356164384,-0.37475523214534684,-0.6655464181087182,-0.10243491763087136,-0.5369782615255132,-0.7059177383069885,-0.41477277031131005,-0.41805631263814697,-0.4366376538516305,-0.47551909379521823,0.007319384426331984,-0.01666919002703857,-0.09400680395014106
7,WAS,0,4.0,1,0,0,0,0.47058823529411764,0.0,0.5444444444444444,0.5777628223869224,0.8134961655396232,-0.03567782875766963,0.9807883288772381,1.1191488049692593,0.45246089032481634,0.7662238647063009,0.8803496643121562,0.3187881003728719,0.6941818787400212,0.7897763333507327,0.35723930086042904
8,WAS,0,5.0,0,0,0,0,0.5294117647058824,1.0,0.5420560747663551,0.5834168449391157,0.6568674663450149,0.16953318739998005,0.5076094237852069,0.5330875985410403,0.33075717345991124,0.7673112181048062,0.7581237045536712,0.6139226860704547,0.6720218971035049,0.6640966513076326,0.5143332045103463
9,WAS,0,6.0,0,0,0,0,0.47058823529411764,0.0,0.5333333333333333,0.11190245438602232,0.4859075741145933,-0.5141122488104888,0.4842606498122068,0.7724434300434159,-0.08075905328280601,0.8449570434745252,1.098299530945776,0.39360956986137985,0.42593479142599455,0.44920878409228804,0.32026300456636253
10,WAS,0,4.0,1,0,0,0,0.29411764705882354,0.0,0.0,-0.5027732241378489,-0.4483617569298171,-1.0967941365304874,0.001378796044044044,-0.07252291719114905,-0.4146107163789991,-0.6781479745813055,-0.7460086353414116,-0.8397988773839037,-0.8373459992984207,-0.9488836636209699,-0.7938549442296087
11,WAS,0,,0,0,0,0,0.47058823529411764,1.0,0.0,0.0,0.0,0.0,0.0,0.0,0.0,0.0,0.0,0.0,0.0,0.0,0.0
